titles,category
금리  인상,Economic
속보이창용 한미 금리 역전 당연감내할 수 있어,Economic
졸업만 하면 현대차 입사현대차고려대 파격 학과 설립,Economic
윤종원 국조실장 기업은행 낙하산 인사 내홍 또 겪을까,Economic
이재용바이든 만남에 투자자도 웃었다,Economic
한달 만에 나온 서울 분양인데청약경쟁률 한자릿수,Economic
단독삼성 첫 로봇 제품 월 공개로봇 착용하고 걸으면 받은 운동효과,Economic
한컴 한국 첫 지구관측 민간위성 세종호 교신 성공종합,Economic
대법 임금피크제는 현행법 위반첫 판례 나왔다,Economic
손흥민 소박한 공항패션 속 깜짝손목시계 가격 알고보니,Economic
삼성물산 건설사 최초 층간소음 복합연구시설 래미안 고요안 랩 개관,Economic
빚으로 버티는 기업들돈맥경화 심해진다,Economic
중기부 장관 추경 통과 뒤 최대한 빨리 손실보전금 지급,Economic
속보이창용 스태그플레이션 아냐잠재성장률보다 높아,Economic
청담글로벌 일반청약 경쟁률 대 내달 일 코스닥 상장,Economic
우리만 빠지긴 눈치 보이지도 국내 투자 보따리,Economic
삼성전자 금리인상에 하락 전환 하이닉스도 ,Economic
삼성도 참전배터리 북미서만 만대 분량 만든다,Economic
원자재값 엎친데 폭염 덮친다정부 다음주 하계 전력수급 회의,Economic
주식 초고수는 지금 항암제원숭이 두창에 바이오 관심 쑥,Economic
택배사노조 파열음물류대란 비상,Economic
분기 전국 상업업무용부동산 당 매매가 만원,Economic
 조  조윤석열 정부 출범 맞춰 대규모 투자,Economic
조만간 대년새 이자부담 조 늘어날 듯,Economic
년 만에 두 달 연속 올렸다물가 전망 로 상향,Economic
이영 장관 손실보전금 준비상황 직접 점검,Economic
이영 중기부 장관 손실보전금 준비상황 직접 점검철저한 준비 해달라,Economic
소비자물가  전망 년만에 최고인플레 파이터 한은,Economic
투자자 대부분이 절망해 매도할 때 이 때가 반등의 시작이다,Economic
사당역 역세권에 층 공동주택 들어선다총 세대 규모,Economic
일동제약 코로나 치료제  한국 임상환자 명 모집상 진행,Economic
이영 장관 손실보전금 준비 점검최대한 빨리 지급돼야,Economic
저출산 고령화로 소형주택 수요 청년층  줄고 고령층 배 급증한다,Economic
기술주에서 산업주로 눈 돌리는 월가 헤지펀드,Economic
현장연결 금통위 물가 당분간 대 오름세물가에 통화정책 초점,Economic
팔도비빔면 에 상술 논란사측 의도적 확률 조작 아냐,Economic
세계적 석학 게리 하멜 경기침체기 이런 기업을 주목하라 글로벌 구루에게 듣는다,Economic
선 핵심 기자재 고압펌프 국산화 이뤘다,Economic
한화투자 출퇴근 없애자 혁신 시작,Economic
테라 버전 내놓는다신뢰 회복할수 있을까,Economic
보잉 유인캡슐 무인비행 마치고 지구 안착우주택시 곧 시동,Economic
돈나무 언니 테슬라 재베팅 왜,Economic
문콕 없어진다국토부 일반 주차장에 주차로봇 도입,Economic
속보 이창용 현 기준금리 중립금리 수준보다 낮아,Economic
부활한 테라루나 다시   ,Economic
금융위기급 위기 오나정부 대 물가 상승 경고했다,Economic
김동관 한화 사장 스위스서 민간 경제 외교 종횡무진,Economic
고사 직전 티웨이 대형기  도입 완료생존 발버둥,Economic
은평서대문구 등 행복주택 가구 입주자 모집시세 ,Economic
신동빈 회장이 선택하고 바이든이 극찬한 한식 메뉴는,Economic
구광모의 미래차 본격 시동전장 사업 꽃 피운다,Economic
속보이창용 현 기준금리 중립금리보다 낮아,Economic
엔데믹 기대감 올해 분기 상가 평균 실거래가 역대 최고,Economic
투자 속도내는 한화 태양광 협력 가시화,Economic
속보이창용 기준금리 중립금리 수준으로 가는 게 목표,Economic
 유로존 집값 금리인상으로 조정저소득가계 위험,Economic
바이든 사로잡은 디저트롯데호텔 한식당 무궁화였다,Economic
주차로봇이 자동 주차 국토부 상용화위한 제도 마련,Economic
프로필오유경 식약처장 내정자 과학방역 이끌 약학 전문가,Economic
일동제약 코로나 치료제 국내 임상 환자 모집 완료,Economic
해외 이커머스 주가 약세 속 국내 업체들은 상장 채비,Economic
대 그룹 년 간 조 쏜다주요 그룹 역대급 투자보따리종합,Economic
공사 서울리츠 행복주택 가구 공급,Economic
금감원 횡령 사건 우리은행 검사기간 연장,Economic
국민연금 수익률  양호개 기금은 통폐합 권고,Economic
재계 미래 일자리 한목소리국내 채용 시장 훈풍 분다,Economic
 서울리츠 행복주택 가구 공급청년신혼부부고령자 대상,Economic
국민고혈압약 아모잘탄 서도 통할까,Economic
신동빈이 선택한 그 메뉴에 바이든도 엄지척,Economic
대폭락 테라 테라 으로 이르면 일 부활권도형 투표강행해 찬성  얻어,Economic
코렌텍  코팅 적용 인공관절 세계 최초 미국  승인,Economic
월 전세대란 이미 현실로아파트 임대료 치솟자 빌라 전월세로 내몰려,Economic
국민연금 작년 수익률 개 기금 통폐합 권고종합,Economic
현장영상 한은 총재 금리상승 영향 성장 주춤우크라이나 사태로 회복 약화,Economic
올해  재정 적자 급감할 듯 부채 부담은 여전,Economic
확진자 감소세 꾸준위중증 일째 명대,Economic
코스피 기관외국인 매수에  상승세,Economic
루나 수수료로 피해자 구제 나선 코빗거래소 투자자 보호 강화 계기될까,Economic
대한항공 공군  전투기 창정비 사업 완료,Economic
 조  조 미래사업에 투자 정부 출범 후 기업 투자발표 조 넘어,Economic
한국을 생산 핵심기지로 조 투자만명 채용종합,Economic
금통위 물가 당분간 대 오름세물가에 통화정책 초점,Economic
테라  온다권도형 새 루나블록체인 제작 강행,Economic
년만에 기준금리 두달 연속 인상인플레 불 끄기종합보,Economic
정부 단속 대상이었는데이서진공효진 뜨자 반전 김병근의 남다른,Economic
초의 마법  틱톡 페북인스타 넘어 올해 유튜브도 넘본다,Economic
이창용 한은 총재 기준금리  추가 인상시장 예상 깨고 발빠른 결단,Economic
농어가저축기금 년 이어 폐지 권고국민연금은 년째 양호,Economic
대폭락했던 테라 테라 으로 부활이르면 일 가동,Economic
강원에너지 양극재 열처리 장비 소성로 사업 진출,Economic
단독대체거래소 분기 내 인가 신청중소형 증권사 다 참여 곳,Economic
기준금리 인상에 대형주 상승률 둔화외인은 순매수,Economic
비트코인 지금 증시 상승에도 만달러서 정체당분간 횡보세 보일 것,Economic
영상 정의선 현대차 회장 대우와 사돈 맺는다다음달 장녀 결혼,Economic
국내 최초 천급 재난 대응선 탄생기존 배 규모,Economic
 구자은 개월 동안 현장 누빈다양손잡이 경영 본격 시동,Economic
마세라티 컨버터블 슈퍼 스포츠카  첼로 공개제로백 초,Economic
명 중 명 이자  넘게 부담 금리 두달째 상승에 규제완화 해도 부동산 막차,Economic
누리호 차 발사 카운트다운 한화현대 만반의 준비,Economic
청년 주택 용산 원효 루미니 잔여세대 선착순 계약 진행,Economic
청년 주택 용산 원효 루미니 잔여세대 선착순 계약 진행,Economic
종합인플레 번 언급한  두번 더 빅스텝중립금리 이상도 시사,Economic
현대제철 전기로 통해 강판 등 고급철강재 생산,Economic
한은 금통위 당분간 물가 중점추가 기준금리 인상 시사,Economic
기준금리 연로한달 만에 또 인상,Economic
성매매 알선상습도박 빅뱅 승리 징역 년 개월 확정,Economic
맘스터치 일주일간 싸이버거 원 이벤트,Economic
세계은행 총재 우크라 전쟁이 글로벌 불황 촉발할수도,Economic
삼성물산 등급별 층간소음 체험 가능한 연구시설 개관,Economic
코렌텍  코팅 적용 인공관절 세계최초  승인,Economic
깜빡하고 놓친 임대차신고 과태료 부과 년 더 유예된다,Economic
자율주행 주차로봇 확대 보급월부터 개정안 시행,Economic
삼성 층간소음 해결 적극 나선다용인에 국내 최대 연구소 열어,Economic
한국 주식시장 떠나는 외국계 큰손판다 쇼핑도 시들,Economic
현대차고대 국내 최초 학석사 통합과정 계약학과 설립,Economic
전월세 신고제 계도기간 년 연장내년 월 이후 과태료 부과,Economic
남성이 여성보다 편의점 더 간다 담배 사고 한 끼 해결,Economic
이마트 경기광주점 리뉴얼 오픈고객 관점 변신 계속,Economic
삼성물산 업계 최초로 층간소음 연구시설 개관 사회 문제해결에 공헌,Economic
전월세 신고 깜박했는데내년 월말까진 과태료 없다,Economic
문콕 걱정 뚝 자율주행 주차로봇 확대되나 국토부 개정안 행정예고,Economic
새 정부 바이오 제 반도체 산업으로 육성,Economic
정부서 주도한  최저임금 인상 속도  국가 중 최상위,Economic
월이 기대된다 국토부서울시의회 쌍끌이 규제 완화에 건설업계 들썩,Economic
원전 기대감 꿈틀두산 소형원자로 등에 조원 투자,Economic
전월세신고 미이행 과태료 부과 유예기간 년 더 연장,Economic
멸치볶음장조림을 이겼다 주문 위 반찬계 황태자는 사장의 맛,Economic
외국계 큰손 년새  떠났다증시 매력 떨어져,Economic
포스코건설 경남 거창에 더샵 거창포르시엘 차 내달 분양,Economic
레벨 자율주행차 속도 제한 사라진다안전기준 개정,Economic
과태료 대란 피했다전월세신고제 계도기간 년 추가 연장 부동산,Economic
티몬  미뤄두고 이커머스 에 박차인스타그램이 경쟁사,Economic
외국계 큰손 투자자  증시 떠난다,Economic
전월세 신고 위반 년 더 봐준다내년 월 이후 과태료 부과,Economic
국토부 자율주행 주차로봇 상용화 위한 제도 개선,Economic
내년 월까지 임대차신고 안해도 만원 과태료 부과 안한다,Economic
문콕은 이제 그만 알아서 주차해주는 주차로봇 늘린다,Economic
억 자산 부동산 전문가 박종복 콕찍어 추천한 이곳은,Economic
구자은 그룹 회장 현장경영 행보세달간 곳 사업장 방문,Economic
인플레이션 진화나선 한은기준금리 로 또 인상,Economic
루시드모터스 디스플레이 결함 리콜 조치올해만 두 번째,Economic
신현성 티몬 의장 루나테라 사태에도또 티몬코인 만든다,Economic
졸업하면 현대차 입사파격 학과 만든 정의선 모교 어디,Economic
훅훅 빠졌던 게임저가매수 나선 개미들 줍줍하며 반등,Economic
부동산 시장 대세 떠오른 에셋파킹서울 청량리 일대 상업시설 주목,Economic
기준금리 따라 예적금 금리도 오른다농협 최대 ,Economic
성적 희비 죽쑤는   흥오른 ,Economic
신동빈 회장이 고른 메뉴 바이든 사로잡았다 롯데호텔 한미정상회담 케이터링 성료,Economic
거리두기 완화 영향분기 상가 평균 실거래가 역대 최고,Economic
현대제철 독자 전기로 구축고급 철강재 생산 나선다,Economic
 국내 반도체배터리바이오 집중 투자생산연구 핵심기지 육성종합,Economic
수지 몽펠리에 힐포레 뛰어난 강남접근성으로 눈길,Economic
한은 금통위 금중대 대출 금리도 로  올려,Economic
힐스테이트 황성 다양한 스마트 시스템으로 주거 생활 품격 높인다,Economic
해운 성수기 코앞인데 노조 파업에  봉쇄 풀리면 이중악재,Economic
대한항공 공군  전투기 창정비 사업 완료 년 호 이후 년 무사고 출고,Economic
기준금리  또 인상년만에 대 물가상승 전망,Economic
세대의 회사생활기업  조직문화 유연화 필요,Economic
시그널  해외 투자로 작년 억 잭팟,Economic
영상분기 낸드 점유율 삼성전자 늘고 하이닉스 줄고,Economic
자율차 속도제한 없앤다 국토부 레벨 안전기준 개정 추진,Economic
박재범 소주 부산에 만병 풀린다,Economic
전문 한은 당분간 물가에 중점 두고 통화정책 운용,Economic
한은 소비자물가 당분간 대물가 중점 통화정책 운용,Economic
금리 오르자보금자리론 등 정책금융상품 수요도 급감,Economic
리커창 지방간부 만명과 긴급회의 분기 합리적 성장 이뤄야종합,Economic
지성배 인베 대표 시장 어려울수록 기업에 후속투자 필요,Economic
한양 안양 한양수자인 리버뷰 견본주택 열고 분양 나서,Economic
서학개미 슬라에 억 달러 폭풍 매수서학개미는 지금,Economic
경영계 임금피크제 무효 판결로 고용 불안 야기,Economic
가계 빚부담 연말 대비 만원 늘어영끌족 식은땀,Economic
금통위 당분간 물가에 중점 두고 금리 결정월 연속 금리 인상 시사상보,Economic
아이윈플러스픽셀플러스 차량용 고해상도 이미지센서 개발,Economic
한은 년 만에 대 물가상승 전망하반기 금리  시대 열리나,Economic
손담비 화장품 회사부터 물탱크 회사까지에게 상받은 는,Economic
외국반도체 기업들 투자 취소할까 초조해진 ,Economic
 강화 전자 협력사와 상생 속도창원서 정기총회,Economic
현대제철 전기로에서  강판 만든다하이큐브 철강 체제 구축,Economic
태양광산업 빛든다한화솔루션 대 쑥,Economic
머스크 트위터 억 달러에 인수할 것테슬라 담보대출 안 받아,Economic
제일제당 풀무원에 이어오뚜기 냉동피자 가격 인상 행렬 동참,Economic
테라  온다권도형 토큰 부활새 블록체인 제작 강행,Economic
한은 인플레 불 끄기 기준금리  두 달 연속 인상,Economic
종합 정부서 눈치 보던 재계 조 투자로 친기업 에 통큰 화답,Economic
대우조선해양 협력사와 선 핵심 기자재 국산화,Economic
 년간 조 원 투자이상  산업에 집중,Economic
억원 횡령 우리은행 검사 연장 내부통제 살핀다,Economic
젊은 민족주의 쇼핑객  세대서구 브랜드 흥망 좌우한다,Economic
현대차 미래 모빌리티 인력 직접 키운다고려대와 계약학과 설립,Economic
도 매머드 투자 년간 조원,Economic
새 루나 발행된다지만정상화 산넘어 산,Economic
구자은  회장 석달간 전국 사업장 찾는다 양손잡이 경영 본격화,Economic
농협은행 일부터 예적금 금리 최대  인상,Economic
 업은 아티드 미래가치 생각하면 최고 분양가도 합리적,Economic
라씨로 바이젠셀 무상증자 결정에 장초반 대,Economic
빗썸 은행앱 안 통하고 원화 간편입금,Economic
단독 삼성전자 아일랜드 특허 사냥꾼에 무효심판 맞불,Economic
전문 금통위 당분간 물가에 보다 중점 두고 통화정책 운용,Economic
 억만장자 투자자 내가  주식을 저가 매수하는 이유,Economic
분기 기준 상가 평균 실거래가 역대 최고,Economic
두달 연속 기준금리 인상은행 예금금리 더 오른다,Economic
바이젠셀  무상증자 실시,Economic
삼성전자 스마트폰 감산 관련 부품주 투자 유의,Economic
식어가는 자본시장는 절망기 회사채는 빙하기,Economic
전문한국은행 금융통화위원회 월 통화정책방향,Economic
금리  통화정책방향 전문 코로나피해 지원 금리는 유지,Economic
 정부 물가 안정에 힘쓰는데도미노피자 선 가격 인상후 할인 행보 빈축,Economic
기준금리  인상코스피 외인기관 순매수에 상승세,Economic
 영구임대주택 주민에 랜더스 티켓 매 증정,Economic
현대차고려대 스마트모빌리티 학부 계약학과 설립해 인재육성,Economic
자율주행차 안전성 높인다국토부 레벨 안전기준 개정,Economic
이마트 체험형 점포 리뉴얼 통했다 매출 두 자릿수 증가,Economic
전문월 한국은행 금통위 통화정책방향,Economic
자사주 억원 소각했는데도 공매도 타깃 된 메리츠증권주가 너무 고평가,Economic
금리 인상유가 상승에 안정적인 한국가스공사  강세 증시이슈,Economic
지옥에서 부활한 테라신봉자들 다시   ,Economic
서울 사당역 일대 가구 층 아파트 들어선다,Economic
기준금리 년만에 첫 두달연속 금리인상,Economic
동영상 켄 피셔 스테그플레이션은 없다,Economic
금리 올려도 효과 미미 개월 만에 돌연 입장 바꾼 이유 정의진의 경제현미경,Economic
현대차고려대 미래모빌리티 계약학과 설립현대차 입사보장,Economic
현대차 모빌리티 인재 전략적 육성채용조건형 학석사 통합 계약학과 설립,Economic
 최저임금  최상위권무리한 인상 자제해야,Economic
교육부 장관 박순애 복지부 장관 김승희 내정,Economic
감튀 또 사라지나 버거 프랜차이즈 감자 수급에 촉각,Economic
주점에 어쩐지 자리 없더라분기 상가 평균 실거래가 역대 최고 부동산,Economic
삼성출판사 아기상어 제작 관계사 상장 부인에 급락,Economic
역사 속으로 사라진  팬텀대한항공 마지막 창정비 완료,Economic
현대차고려대 국내 첫 채용조건형 스마트모빌리티 학부 설립,Economic
졸업만 하면 현대차 입사학석사 년 전액 장학금,Economic
롯데백화점 비건 유명 브랜드 한 자리에 모은 팝업스토어 오픈,Economic
엔솔 북미 확대에 동참 엘앤에프  폐배터리 업체에 억 투자,Economic
테라 테라  곧 온다새 루나테라 블록체인 부활할 것,Economic
빵돌이빵순이들 좋겠네현대동네빵집 곳 팝업 스토어 연다,Economic
삼성전자가 스마트공장 지원한 건우정공 대통령 표창 수상,Economic
리뉴얼했더니 매출 위 찍었다다시 찾는 대형마트,Economic
사용후핵연료 임시저장시설 년 포화처리 규정 개선시급,Economic
물가전망치 대폭 올린 한은연말 금리  중반 넘을 듯종합,Economic
기준금리 개월 만에 포인트대출이자 만원 늘었다,Economic
수처리차전지 기반 친환경 신사업 확대,Economic
롯데건설 신입인턴 채용가 직접 뽑는다,Economic
한국판 미디어텍의 탄생은 영원히 불가능할까 최원석의 디코드,Economic
 조 통 큰 투자구광모 전략보고회서 직접 챙긴다,Economic
그룹 년까지 국내에 조 원 투자하고 만 명 채용한다,Economic
카카오페이 멤버십 누적 가입자 천만 명 돌파,Economic
 대폭락 권도형의 테라  나온다,Economic
삼성 스마트공장 도입한  대통령 표창 잇달아 수상,Economic
 세대 글로벌 보다 생활비 걱정 더 크다,Economic
한은 기준금리 연 로이자 부담 조원 늘어난다 조미현의 외환금융 워치,Economic
부전상가시장에서 정부 비축 명태 싸게 사세요,Economic
희소성 높은 수도권 인구증가지역 청라 더리브 티아모 까사 관심,Economic
이슈앤 직설 한은 기준금리  인상년 만에 두 달 연속 올려,Economic
기준금리 연  인상 긴축시계 빨라진다종합,Economic
가볍고 숨쉬기 편하다아에르 피크  라이트 출시,Economic
고유가 시대 주유금액 할인 인기,Economic
한은 올해 물가 상승률  전망년 만에 최고,Economic
성매매 알선 빅뱅 승리 징역 년 개월 확정,Economic
버려진 플라스틱을 수소로한화건설한국에너지기술 기술개발,Economic
영끌족 이자폭증 어쩌나 기준금리 두달 연속 인상 주담대  임박,Economic
미 연준 추가 빅스텝 예고통화정책 예상보다 강하게 조일 것,Economic
재계 성장 투자 삼성 이어 도대규모 투자 속 챙긴 상생,Economic
현대백화점 빵돌이빵순이 취향저격우리동네빵집 팝업 스토어 연다,Economic
 우주에 하나투어 홈플러스 등 추가,Economic
코인원도 루나 퇴출국내 대 거래소 권도형 손절한다,Economic
솔트룩스 윤석열 정부 키워드 디지털 플랫폼 정부 수혜,Economic
엔씨소프트 리니지 모바일 게임 매출 세계 위,Economic
호텔 보양식을 집에서닷컴 조선호텔 삼계탕 출시,Economic
구자은  회장 양손잡이 경영 본격화전국 사업장 누빈다,Economic
머스크 트위터 인수 외부조달액 늘려주담대 축소 안간힘,Economic
감자튀김 또 못 먹나월 감튀 대란 재연 조짐,Economic
계산신협 연  예금 특판 시간에 완판,Economic
종목이슈 솔트룩스 디지털 플랫폼 정부 수혜 기대,Economic
맞벌이는 못 받는 근로장려금결혼 패널티 개선 필요,Economic
교보는  삼성은  보험사 대출금리 또 올랐다,Economic
휘발유경유 가격 모두 평균 당 원 돌파 사상 최초 종합,Economic
대우조선해양 협력사와 선 핵심 기자재 국산화 성공,Economic
 지난해 수익률 해외서 조 벌었다,Economic
밀가루값 추가 상승 우려분식집빵집 자영업자들 몸살,Economic
종합  년간 반도체배터리바이오에 조원 투자국내에만 조원,Economic
디스플레이 특허 침해  샤프로부터 억원 받는다,Economic
금감원 억원대 횡령 우리은행 검사 주 연장,Economic
대우조선해양 와 손잡고 운반선용 고압펌프 국산화 성공,Economic
 반도체배터리바이오 신성장동력에 조원 투자 종합,Economic
 년까지 국내 조원 투자 계획 발표 만명 직접 채용,Economic
 대한항공 합병 관련 티웨이항공에어프레미아 의견 청취,Economic
삼성엔지니어링 미국  액화 플랜트 설계 수주,Economic
신세계인터 올여름 여성패션 트렌드는 리조트룩,Economic
해수부 정부 비축 냉동명태 톤 방출시중가보다  할인,Economic
대법 합리적 이유 없이 도입된 임금피크제는 무효,Economic
 국내에만 년간 조 원 투자연구개발에만 조 원 투입,Economic
한국은행 기준금리  인상연 ,Economic
금융비금융업 데이터 결합분석 문턱 낮아진다감독규정 개정종합,Economic
지난 년간 최저임금  올랐다  평균 배무리한 인상률로 고용감축 우려종합,Economic
도 조원 투자에 집중 투입,Economic
테슬라로쿠 줍줍폭락장 쇼핑 나선 돈나무 언니,Economic
한양 오피스텔 안양 한양수자인 리버뷰 견본주택 개관,Economic
홈플러스 월마트 단독브랜드 캠핑용품 종 선봬,Economic
기준금리 올해 두세 차례 더 오를 듯연말  이상,Economic
이자 만원 더 내야금리인상 개월 영끌빚투족 곡소리,Economic
그룹 반도체배터리바이오 분야 년까지 조 투자 ,Economic
 연준 의사록 공개두어번 더 빅스텝 해야,Economic
대 코인거래소서 루나 매매 못한다코인원도 거래지원 종료,Economic
씨티 홍콩 큰손 세간티캐피털과 주식거래 중단,Economic
톱 중 유일 삼성 분기 낸드 매출점유율 혼자 올랐다,Economic
삼성   액화 플랜트 설계 수주 수주도 기대,Economic
성장 발목잡은 물가 남은 복병은,Economic
대법 임금피크제는 나이 차별현행법 위반,Economic
골든 부트 들고 온 손흥민손목엔 억소리 명품시계,Economic
바른사회 문재인 정부 난쟁이에 올라 탄 거인 행세해,Economic
알에프세미 무해성  램프  인증미국 시장 공략 본격화,Economic
현대 동네빵집 곳과 우리동네빵집 팝업 개최,Economic
카드 인도네시아 해외 결제 파트너로 단독 선정,Economic
미국 증시 쉽게 본다네이버 실시간 시세 제공,Economic
맞벌이가구 근로장려금 수급률  불과결혼 페널티 때문,Economic
방학역세권 개발지역 확장도봉로 동서측 개발 불균형 해소,Economic
 년간 조원 국내 투자만명 신규 채용,Economic
다주택자는 선인가 악인가,Economic
기준금리 개월 새 이자 부담 조원 늘었다,Economic
 조 조 투자 릴레이 가세주요 그룹 조 쏜다,Economic
가사도우미도 년에 일 유급휴가명이상 고용해야 인증,Economic
가사도우미도 년에 일 유급휴가명이상 고용해야 인증,Economic
대한항공  팬텀 전투기 정비 손뗐다 퇴역에 따른 교체,Economic
러시아 전쟁 여파로 값 오른 명태 정부 비축분  푼다,Economic
비혼인가구 생계비가 최저임금 결정기준대표성 논란,Economic
 년간 국내 조원 투자만명 채용한국이 핵심기지,Economic
해수부 정부 비축 냉동명태  방출장바구니 부담 완화,Economic
농어가저축기금 자산운용 아주 미흡개 기금 통폐합 권고,Economic
여성가족부 구조조정 신호탄 기재부 산하 운영기금 통합 권고,Economic
잭팟  치료제 잡아라개발 도전 나서는 제약바이오,Economic
인터뷰테라  개발자 검찰이 봐야할 수사포인트 가지는,Economic
재계 성장 투자 돈 보따리 푼  년간 국내에 조 투자만명 채용,Economic
밥상물가 위기에해수부 냉동명태 톤 방출,Economic
 금융비전포럼축사 이명순 증선위 상임위원 금융안정 최우선민생안정 대응,Economic
전자 국내 최대 용량  통돌이 세탁기 하이마트 출시,Economic
삼성현대차 이어 도 통 큰 투자구광모 배터리 조 베팅,Economic
분양가 상승세에 편한세상 시티 고색 눈길,Economic
풀옵션 무상 제공 고급 가구 수납특화 적용된 비산 월드메르디앙 디아트,Economic
사당 역세권 내 낡은 실외골프장 허물고 층 가구 아파트 들어선다,Economic
오늘부터 마트서 명태  싸게 판다정부 비축량  방출,Economic
구광모 역대급 선물보따리 국내 첨단 산업에 조 투자,Economic
사당 역세권 내 낡은 실외골프장 허물고 층 가구 아파트 들어선다,Economic
오늘부터 마트서 명태  싸게 판다정부 비축량  방출,Economic
구광모 역대급 선물보따리 국내 첨단 산업에 조 투자,Economic
롯데마트 사과한우 등 물가 안정 위한 할인행사 진행,Economic
그룹 향후 년간 조 국내 투자에만 조 쏟아붓는다,Economic
구광모 결단  조 투자배터리바이오 챔피언 전략 시동,Economic
작년 국민연금 수익률  양호개 기금 통폐합 권고,Economic
지난해 국민연금 수익률 공무원사학연금 등급 상향,Economic
정부 비축 냉동명태  공급수산물 가격 안정,Economic
강남 중심 입지에 들어서는 힐스테이트 삼성,Economic
홈플러스 월마트 텐트그릴 단독 판매,Economic
신재생 발전 비중이 원전 추월 소식에태양광 동반 급등,Economic
광역 역세권 평택지제역 복합 지식산업센터 엠에스 원타워 분양,Economic
다음은 숨가쁜 금리인상에 년 새 이자부담만 조 늘어나나,Economic
물가 치솟고 미국의 빅스텝에 한은 이례적 기준금리 연속 인상,Economic
대구 조정대상지역 해제 기대감 물씬힐스테이트 대구역 퍼스트 외지 문의 커지나,Economic
년만에 두달연속 금리 인상물가파이터 길 걷는 한은,Economic
년만에 기준금리 두달 연속 인상인플레 불 끄기종합,Economic
한은 올해 소비자물가상승률  성장률  전망,Economic
속보한은 기준금리 연 로 인상소비자물가 전망치 ,Economic
 년간 조 투자만명 신규채용 반도체배터리바이오 집중,Economic
중소기업인 대회  막걸리 권유하며 분 더 진행 후끈,Economic
한은 년 만에 대 물가 전망올 성장률은 로 낮춰,Economic
국토부 레벨 자율주행차 안전기준 개정 추진,Economic
올 물가상승 전망률  금융위기 이후 최고,Economic
증권가  의사록   월  금리 인상 재확인,Economic
한은 올해 물가상승률  전망년 만에 최고종합,Economic
 년간 조 쏟아붓는다반도체배터리바이오 집중,Economic
대 거래소 루나 퇴출코빗코인원도 뒤늦게 상장폐지,Economic
삼성엔지니어링 미국  액화 플랜트 설계 수주,Economic
대한항공 공군  전투기 창정비 사업 완료,Economic
한은 올 물가상승률 전망 기준금리 로,Economic
속보 한국은행 기준금리 포인트 올린 ,Economic
코인원마저대 코인거래소 모두 루나 매매 금지,Economic
물가 상승 압력에기준금리 두 달 연속 인상,Economic
기준금리  또 인상인플레 불 끄기,Economic
보 기준금리  또 인상인플레 불 끄기,Economic
네이버 증권에서 미국 증시 실시간으로 본다,Economic
개월 만에 금리 대출이자 만원 늘었다,Economic
아이윈플러스픽셀플러스 차량용 고해상도 이미지센서 개발,Economic
스타벅스 주년 맞아 개 숲 공원돌보미 캠페인,Economic
속보 한국은행 년 만에 두 달 연속 기준금리 인상,Economic
마켓컬리 야외 마스크 해제 후 소비 변화와인캠핑 인기,Economic
대 코인거래소서 루나 매매 못한다권도형은 새 루나 준비,Economic
속보 이창용 첫 금통위한은 기준금리 연 로 인상,Economic
핫스탁다스코대한제당녹십자엠에스,Economic
다섯 번의 금리 인상인당 연간 이자부담 만원 증가,Economic
오뚜기 고단백 보충식 데이프로틴 종 출시,Economic
대우조선해양 협력사와 운반선 핵심 기자재 국산화 성공,Economic
속보한은 금통위 기준금리 로 인상,Economic
금리  올렸다물가 쇼크에 사상 첫 두달 연속 인상,Economic
대한항공 년  팬텀 전투기 창정비 성료,Economic
속보 한은 년만에 기준금리 두달 연속 올렸다  로 인상,Economic
한은 기준금리 연 로 인상올해만 번종합,Economic
바이젠셀  무상증자 결정하자장 초반  급등세,Economic
대전관광공사 엑스포 아쿠아리움 등 이색 지역명소 곳 선정,Economic
구자은  회장 양손잡이 경영 본격화석달간 전국 현장경영,Economic
속보원숭이두창 계속 퍼지는데올 여름 코로나 재유행 경고,Economic
희소성 높은 수도권 인구증가지역 청라 더리브 티아모 까사 주목,Economic
식약처 대장균 검출 떡갈비 판매 중단회수 조치,Economic
마이리얼트립 구글쿠팡 출신 조나단정 로 선임,Economic
구호에 그쳤던 혁신이 현실로이재용 동행 비전 성과 뚜렷,Economic
삼성엔지니어링 연 만톤  액화 플렌트 설계 수주,Economic
대한항공 공군  팬텀 전투기 창정비 사업 년 만에 마무리,Economic
금감원 억원대 횡령 우리은행 수시 검사 일정 연장,Economic
 금융비전포럼 김병욱 정부 금융 불안가계부실 요인 살펴 리스크 최소화해야,Economic
도 년 투자계획 발표반도체배터리바이오에 조원,Economic
코인원도 루나 매매 못 해대 코인거래소 거래 지원 종료,Economic
엔데믹에 도심에서도 휴양지처럼 입는다리조트룩 인기,Economic
코스피 증시 강세에 상승세코스닥도 ,Economic
년만에 열린 금통위 회의장연두색 넥타이 맨 이창용의 선택은,Economic
그룹 년간 반도체배터리바이오에 조 투자만명 채용,Economic
증권가  의사록 월  금리인상 재확인,Economic
현대산업개발 청년을 위한 직무 멘토링 진행,Economic
테라 사태 딛고 아이콘루프블로코 블록체인업계 첫 상장사 될까,Economic
 재계 위 끌어올린 최태원 투자로 위기 돌파조 쏜다,Economic
걸작떡볶이치킨 가맹점 곳 창업비 만원 상당 지원,Economic
반슬라된 테슬라 돈나무 언니 베팅 이유는,Economic
이제는 워라밸시대 출퇴근시간 줄이는 세운 푸르지오 그래비티,Economic
방기선 기재차관 이달 소비자물가  전망다음주 초 민생안정대책 발표,Economic
걸작떡볶이치킨 신규 가맹점 창업비 만원 지원,Economic
드디어 바닥 찍었나게임주 연이틀 반등세,Economic
사당역 역세권에 공동주택 총 가구 들어선다,Economic
오세훈송영길국토부국회 업었다규제완화 누가 유리할까,Economic
확 바꾼 월계점 이마트 위 점포 됐다올해 곳 추가 리뉴얼,Economic
대한항공 공군  전투기 창정비 사업 년 만에 완료,Economic
부산 서금사구역 시공사 해지 이어 이번엔 조합장 해임,Economic
 년간 조원 투자만명 채용국가경제 활성화 기여종합,Economic
그룹 년까지 조원 투자반도체배터리바이오 집중 육성,Economic
단독 정부 주식먹튀 막는다 금감원  전면개편,Economic
코스피 외국인 매수세에 장 초반 상승세종합,Economic
금통위 스케치 처음 의사봉 쥔 이창용 총재이 장면 오랜만인데요,Economic
맥도날드 육즙 가득 맥크리스피 버거 종 출시,Economic
그룹  산업에 조 투자국내서 만명 채용상보,Economic
인도 설탕 수출 제한 소식에 대한제당대한제당우 동반 상승,Economic
배터리 이제 셀보다 소재무조건 담아야 할 기업은,Economic
롯데건설 일부터 신입인턴 채용면접관에 세대 참여,Economic
 대한아시아나 합병 관련 국내  의견 청취 취항계획 확인,Economic
년 개월 만에 금통위 본회의 공개정말 오랜만이네요,Economic
핫이슈 키워드 윤석열 윤종원 충돌법무부 권한 집중 방지안육사의 부활 ,Economic
환율 금리결정 앞두고 관망세원대 지속,Economic
장현국 효과 지속위메이드맥스 거래일 연속 상승,Economic
그룹 향후 년간 에 조 투자고용은 만 명,Economic
실패한 코인 테라 으로 결국 부활한다,Economic
정부 월 물가 상승률 대 전망 제기내주 민생대책,Economic
 랜더스와 주거복지스포츠 업무협약 체결,Economic
글로벌증시 투자전략 싸다고 담다간 큰일애플 같은 성장주 찾아야,Economic
재계 성장 투자  반도체배터리바이오에 년간 조 투자,Economic
한컴 세종호 미국서 발사교신여부 확인 중,Economic
대 코인거래소서 루나 매매 못한다코인원까지 동참,Economic
삼성엔지니어링 미국 텍사스  액화 플랜트 설계 수주,Economic
스타벅스코리아 개점 주년 맞아 공원돌보미 캠페인,Economic
한화건설 폐플라스틱서 수소 만든다,Economic
이런 자리는 처음규제에 짓눌린 인들 새 정부서 희망봤다,Economic
급증하는 해외여행 수요에 항공권 가격 고공행진,Economic
수입 밀 관련 품목도 무관세 검토정부 물가대책 다음주 초 발표,Economic
무신사가 꼽은 올여름 패션 트렌드 그래픽 티셔츠 대세,Economic
위메이드맥스 위믹스 달러 발행 준비 소식에 이틀째 강세,Economic
정부 물가상승 대 될수도내주 초 민생안정책 발표,Economic
무겁게 가라앉은 월 금통위아무런 표정도 미동도 없었다,Economic
 년간 조 투자만명 채용조는 국내 투자종합,Economic
신규 확진 만명정부 코로나 병상  지정해제,Economic
신한카드 롤 캐릭터 체크카드 출시,Economic
집값의 미래는 재택근무가 결정한다 여기는 논설실,Economic
의사간호조무사 손잡고 삭발 통했다간호법 법사위 상정 불발,Economic
비정규직 보호법임대차법 하나만 알지 둘은 몰랐다,Economic
남양주 다산 신도시 다산 와이시티 어반플랫 분양 오픈,Economic
  같은 골드번호 천개 푼다내달 일까지 접수,Economic
한컴 세종호 미국서 발사한국 첫 지구관측 민간위성,Economic
포스텍   대학원 과정 생긴다학비전액지원졸업후 채용,Economic
기재차관 월 물가  가능성 우려다음 주 민생대책 발표,Economic
 년간 조 투자에  투입,Economic
대우조선해양 협력사와 운반선 핵심 기자재 국산화 성공,Economic
동부건설 삼척항 지진해일 침수방지 시설 홍보영상 공개,Economic
최태원 배터리반도체바이오에 미래 건다 년간 조 투자,Economic
청호나이스 나이스뷰티 코스모뷰티 서울 박람회 참가,Economic
한양 안양 한양수자인 리버뷰 일 분양,Economic
롯데건설 올해 초 이어 또다시 두자릿수 채용 나선다,Economic
대웅제약 모비케어 임상결과 국제학술지 게재심방세동 검출률,Economic
대학에서 우수  키운다숭실대 월부터 교육과정 개설,Economic
삼성전자서비스 콜센터 품질 년 연속 우수기업 선정,Economic
코스피 개인외인 사자에 상승코스닥 ,Economic
시장예상 부합한  의사록환율 장초반 보합권 원대,Economic
역시 재계 위 최태원 회장  정부 년 간 조원 역대급 투자,Economic
분기 사상 최대실적목표가 만원 상향,Economic
트위터 주주들 머스크 사업 파트너 축출,Economic
웹웨어 사무공간 확장 통한 업무 편의성 증대,Economic
전셋값 얼마나 오르나월 역대급 전세대출 예고된 전세 시장,Economic
금통위 스케치년 개월만에 열린 금통위 회의장피곤함과 긴장감 그 어딘가,Economic
한화건설 가스화 수소 생산 핵심기술 개발 업무협약 체결,Economic
스위트룸서 골프 즐긴다까스텔바작 호텔 패키지 출시,Economic
친절한 경제 설탕 가격도 오르나인도 설탕 수출 제한 영향은,Economic
 임대주택 주민에게 야구 관람권 선물,Economic
세상 처음 맛보는 치킨버거 맥도날드 맥크리스피 버거 종 출시,Economic
강북 교통허브 청량리역 인접 유동인구 지속 증가 기대,Economic
 반도체바이오배터리 등에 년간 조 원 투자,Economic
전경련 한국 최저임금 높은 수준무리한 인상 자제해야,Economic
마포 뉴매드 오피스텔 분양,Economic
테슬라 마진콜 위기 연준이 살렸다  경제 복합위기 징후 한은이 잡을 수 있나 한상춘의 지금 세계는,Economic
최태원 통큰 결단  반도체배터리바이오에 조 투자,Economic
하나카드 호요버스 체크카드 출시,Economic
기준 금리 인상 유력은행주 일제히 강세,Economic
원달러 환율 원 오른 원 출발투자심리 안정,Economic
그룹 년까지 조 투자만명 직접 채용,Economic
올 부산 분양 중 최고 경쟁률 는 대  기록,Economic
억대 횡령 우리은행 금감원 검사 연장,Economic
삼성전자 스마트공장 도입한  대통령 표창 받아,Economic
코스피 외국인개인 순매수에 상승선 거래,Economic
오랜만에 보는 모습이네요년 개월 만에 공개된 금통위,Economic
설탕값도 뛰나생산 위국 인도 수출 제한에 대한제당 급등,Economic
년 주담대 도입 초읽기 이자는 억 더 증가,Economic
속보 휘발유경유 가격 모두 평균 당 원 돌파 최초,Economic
 향후 년간 핵심성장동력에 조 투자,Economic
바이젠셀  무상증자 실시유동성 확보주주가치 제고 목적,Economic
영구임대 입주민에 프로야구 티켓 매 지원,Economic
속보  년간 반도체배터리바이오에  투자만명 채용,Economic
인천 서구 일대 힐스테이트 불로 포레스트 분양 예정,Economic
탄산주와 아이스크림의 만남하이트진로 이슬톡톡 캔디바 출시,Economic
대우조선해양 운반선용 고압 펌프 국산화 성공,Economic
코스닥 뉴욕증시 훈풍에 상승 출발선,Economic
하이엔드 아파트 창동 다우아트리체 순위 경쟁률  청약 마감,Economic
주변 공원 많고 교통 사통팔달 다양한 생활인프라 누려,Economic
 회사채에 뭉칫돈하위등급 회사채 숨통 트이나,Economic
 구독 우주패스 제휴처 추가홈플프레시코드 할인쿠폰,Economic
코스피 금통위 경계감 속 개인 매수에 상승 출발,Economic
홈플러스 월마트 단독브랜드 리얼 아메리칸 캠핑 즐겨요,Economic
맥도날드 신제품 맥크리스피 버거 맛은,Economic
뜨는 동대구 신흥주거지에 위치 교육환경도 우수,Economic
최강시사 이영 손실보전금 안에 소급지원 포함 본회의 통과하면 일 내 지급 가능,Economic
비트코인 적정가 달러 상승여력,Economic
전자 국내 최대 용량  통돌이 세탁기 하이마트 출시,Economic
그룹 년간 조 투자국내는 조,Economic
금감원 억 횡령 우리은행 검사 세번째 연장,Economic
코스피코스닥 동반 상승네이버 카카오 위메이드 강세,Economic
신한카드 신한 롤 체크카드 출시,Economic
주식 반토막에 파이어족 꿈 어쩌나 몰려가는 곳이 언제까지 직장인,Economic
고속터미널이 도보권 직주근접 수요도 풍부,Economic
세계은행 올해 세계적인 경기 침체 경고 우크라 사태 여파,Economic
캠핑선케어 늘고 마스크홈베이킹 줄고엔데믹 이후 소비패턴이 바뀌다,Economic
바이젠셀  무상증자 결의 소식에 주가 급등,Economic
환율 원대 강보합 등락미 달러화 강세 영향,Economic
롯데칠성음료 칠성사이다 마시고 깨끗한 물 나눔 활동 동참하세요,Economic
올 분기 낸드플래시 시장 점유율 삼성전자는 오르고 하이닉스는 줄어,Economic
 반도체배터리바이오에 년 간 조원 투자,Economic
서울장수파리바게뜨 장수 막걸리 쉐이크 출시,Economic
청약통장 불필요  추첨 유주택자도 당첨 가능,Economic
 년간 조 투자반도체배터리바이오 집중 육성,Economic
정부 월 물가 대 전망식료품 안정생계비 경감 대책 내주초 발표,Economic
나도 모르는 대표 한 마디에 시간외 폭락,Economic
 년간 반도체배터리바이오에 조원 투자만명 채용,Economic
 에 승부수년간 조 투자만명 고용,Economic
에코델타시티의 핵심 분양가 상한제 적용 매력,Economic
대우조선해양 협력사와 운반선 고압 펌프 국산화,Economic
다양한 특화설계로 고품격 주거공간 누리는 춘천 삼부르네상스 더테라스,Economic
야외 마스크 해제 후마켓컬리 와인캠핑선케어 소비 급증,Economic
살 최고경영자 문주남 대동산업 회장,Economic
양금희 의원 입법안 불안한 자원 시장 해외자원개발 조세특례 재도입 추진,Economic
오늘 한은 금통위 기준금리 결정인상 가능성 높아,Economic
 투자자문사  최악의 경우 선까지 추락,Economic
마켓워치차전지 장비 씨아이에스 매각 속도,Economic
현대차그룹 인간 중심 모빌리티 생태계 통합서비스 플랫폼 구축,Economic
해피콜 구 인덕션 레인지 출시로 주방 가전 라인 확대,Economic
국순당 백세고 술병 아트페어서 전시,Economic
코스피 연준 경기 자신감에 상승 출발선,Economic
 신촌 노포 훼드라와 최루탄 해장라면 출시,Economic
평택공장 찾은 바이든에개미  삼성전자 반등 본격화할 것,Economic
대한항공 공군  전투기 창정비 사업 완료,Economic
삼성전자가 스마트공장 지원한  대통령 표창 받아,Economic
테라 새로운 루나테라  곧 출시업계 반응은 회의적,Economic
클릭 종목와이지엔터테인먼트 블랭핑크트레져가 주도할 분기,Economic
권도형루나테라 폭락 불구 새코인 부활,Economic
대법원 오늘 임금피크제 위법 여부 첫 판단나이 차별,Economic
바이젠셀 주당 신주 주  무상증자 실시,Economic
속속 문 여는 비건 레스토랑 왜 채식인구 전체의 식물성 식품 선점하라,Economic
리테일 편의점 객수 증가로 인당 구매액 상승 예상유진,Economic
차 즐기는 세대 백화점 홍차 판매량 증가,Economic
신한카드 롤 캐릭터 체크카드 출시최대  캐시백,Economic
사당역 실외골프장 자리에 층 가구 아파트 들어선다,Economic
한화  경영 정착 년김승연 함께 멀리 경영철학 전파,Economic
현대차증권  분기부터 실적 개선 본격화투자 의견 매수 유지,Economic
코인뉴스 비트코인 오늘이 가장 싸다모건 만천달러가 적정,Economic
우이신설선 연장 대비해 방학역세권 개발지역 서측 확장한다,Economic
호선 방학역 일대 지구단위계획구역 확장,Economic
서울 서초구 사당역 역세권 지상 층 가구 들어선다,Economic
롯데건설 세대가 같이 일할 동료 직접 뽑는다,Economic
공원 안에 지어지는 진정한 공세권 힐스테이트 환호공원 일 순위 청약,Economic
 부산서 원소주 팝업스토어 지에스 원 연다,Economic
올해 통신사 외국인 지분 가입자 늘어 영업이익 커질것,Economic
클릭 종목리테일 거리두기 완화에 시간이 모자라,Economic
서울 동대문 일대 현대건설 힐스테이트 청량리 메트로블 분양 진행,Economic
방학역 인근 노후주거지 역세권 개발지로 편입싹 바꾼다,Economic
사당역 앞 실외 골프연습장 가구 아파트 탈바꿈,Economic
사당역 역세권에 층 아파트 들어선다가구 규모,Economic
하나카드 호요버스 게임 캐릭터 체크카드 출시,Economic
에어캐나다 한국 여행객 얼리 버드 프로모션 최대 만원 할인,Economic
분기 창업기업 약 만개년 전보다  줄었다,Economic
오피스텔도 브랜드 선호 현상 뚜렷 비브랜드와 가격 양극화 심화,Economic
삼성전자 스마트공장 구축한  대통령 표창까지,Economic
사과한우 시세보다 저렴하게 롯데마트 물가안정 행사,Economic
카드 인도네시아 해외 결제 제휴사로 선정,Economic
삼성엔지니어링 미국 텍사스  프로젝트  설계 수주,Economic
제주삼다수 대한민국 패키징 대전 국무총리상 수상,Economic
스타벅스 코리아 개점 주년 맞아 전국 개 숲 공원돌보미 캠페인 전개,Economic
금리 인상에도 더 치솟는 물가정부 이번 달 물가상승률 대 전망,Economic
카드  해외 결제 파트너 단독 선정아세안 핀테크 시장 진출,Economic
기재차관 월 물가 대 전망 제기내주초 민생대책,Economic
리테일 리오프닝에 편의점은 회복 중목표가 만원 유진투자,Economic
현대차그룹 다보스포럼서 통합 모빌리티 생태계 구축 비전 발표,Economic
실적 전망 낮춘 엔비디아 고용 줄일 것시간외거래서 급락,Economic
 거쳐 다보스 간  상무장관 반도체 미국서 만들어야,Economic
권도형의 테라  부활한다기존 루나테라 보유한 사람은,Economic
삼성엔지니어링 미국  액화 플랜트 설계 수주,Economic
월 주식회사채 발행  증가삼바 등 대규모 유상증자 영향,Economic
삼바 유상증자 영향에월 주식 발행규모 전월 ,Economic
물가상승률  첫 언급한 정부민생대책 내주 초 발표,Economic
홈플러스 월마트 단독브랜드로 리얼 아메리칸 캠핑 즐겨요,Economic
또 오해경 연준 의사록 공개금리  두어 번 더 올려야,Economic
국내 최고 전문가가 풀어낸 재테크 상속의 기술,Economic
증권 연말  기준금리 월도 빅스텝,Economic
크리에이터스 글로벌 거래소 게이트아이오 상장 마켓 론칭 초읽기,Economic
분양가상한제 개편 때 조합 이주비사업비 이자 등 반영 검토 분양가 오를듯,Economic
먹고 마시자 캠핑 대세먹핑용품도 휴대성 무장,Economic
증권 미 연준의  매각 금리 변동성 높아질 수 있어,Economic
식품업계에 부는 우유 열풍고소한 매력에 푹 빠지다,Economic
걸작떡볶이치킨 선착순 호점에 창업비 만원 지원,Economic
이창용 오늘 금통위 데뷔년 만에 첫 연쇄 금리인상,Economic
초여름 같은 날씨에 뜨거운 홍차가 잘 나가는 이유는,Economic
제일제당 프리미엄 육가공 브랜드 육공육 론칭,Economic
바이젠셀 주주가치 제고 위한  무상증자 실시,Economic
한양 안양 수자인리버뷰 모델하우스 오픈,Economic
세계은행 총재 우크라 전쟁 전 세계 불황 방아쇠,Economic
삼성 스마트공장 도입한 생산성 높아져 대통령 표창,Economic
물가 안정 첫 등판하는 이창용 한국은행 총재 기준금리 과감하게 올릴까,Economic
강원에너지 최대주주 자진 보호예수 년 결정,Economic
월 주식 발행  줄었지만 삼바 유상증자 효과,Economic
한국가스공사 유가금리 상승 등 실적에 긍정적목표가 한투,Economic
삼성전자가 스마트공장 구축 도운 중소기업 대통령 표창받아,Economic
제일기획 일상 회복 응원한 박카스 광고 만 뷰 돌파,Economic
국내 상장리츠 글로벌 상회높아진 배당 성장성,Economic
엔데믹 기대감 프랜차이즈도 기지개가맹점주 모시기,Economic
삼성전자 스마트폰 감산  수요 전망치 하향,Economic
롯데건설 인턴신입사원 공개 채용,Economic
 동박사업 부문 증익 지속키움,Economic
이수페타시스 분기에도 실적 호조목표가키움,Economic
코람코자산신탁 첫 분양사업반포 주거용 오피스텔 분양,Economic
솔브레인 사상 최대 실적 전망목표가키움,Economic
이마트 경기광주점 리뉴얼 오픈올해 곳 리뉴얼,Economic
바이젠셀  무상증자주주가치 제고,Economic
생생확대경 원숭이두창에 달려든 현대바이오 용두사미 코로나 교훈 새겨야,Economic
자율주행차 활성화 위해 레벨 안전기준 완화,Economic
아모텍  매출 본격화로 하반기부터 흑자 전환,Economic
원소주 팝업스토어 부산에 일 오픈,Economic
각국 중앙은행 디지털화폐 도입 전망에 관련주 들썩,Economic
삼양식품 수출용 커리불닭볶음면서 유해물질왜,Economic
 신촌 훼드라 라면 단독 판매최루탄 해장라면 구현,Economic
억 횡령 여파금감원 우리은행 검사 연장한다 ,Economic
테라  온다새 루나블록체인 권도형 결국 강행,Economic
갤럭시아머니트리 가상자산 사업 지나친 우려한양,Economic
닭다리살을 통째로맥도날드 맥크리스피 버거 종 출시,Economic
현대 동탄 힐스테이트 동탄 르센텀 월 분양,Economic
티몬이 배송 전쟁 대신 찾은 진짜 경쟁력은,Economic
한국 최저임금 수준 높고 인상 빨라무리한 인상 자제해야,Economic
고기맛 식품 가득 롯데 비건 푸드 팝업스토어 연다,Economic
굿모닝 증시반도체 실적 악화 우려오전 금통위 결정 주시,Economic
동성화인텍 선 시장 성장의 직접 수혜 기대신한,Economic
대 건설사 지방물량 전년 대비 배 늘어,Economic
투자증권  내년부터 본격적인 실적 개선 기대,Economic
에어캐나다 한국 여행객 대상 일까지 얼리버드 프로모션 개시,Economic
월  의사록 자이언트 스텝 부재시장우려 과도,Economic
간밤 뉴욕증시 글로벌뉴스 총정리  봉쇄로 새 아이폰 개발 차질스타벅스 주스 팔고 커피 집중,Economic
바이오 담도암 임상상 게임 체인저급 결과  현대차,Economic
빌라의 신 돈 한푼 없이 채전세사기 가능했던 이유,Economic
성과급  줄게 손해보험 노사 진통 끝에 최종교섭안 마련,Economic
이베스트투자증권 코웨이 거리두기 완화로 신규 사업 확장 기대목표주가 만원,Economic
편의점 남성이 여성보다 월 회 더 많이 이용,Economic
한미 금리격차 줄어드나오늘 금통위 결정은,Economic
맘스터치 역대급 할인 싸이버거 원 이벤트 실시,Economic
롯데건설 인턴신입사원 채용,Economic
 카지노 영업 정상화내년부터 본격 실적 개선,Economic
렌터카 유동인구 증가로 실적 회복 가속화흥국,Economic
원익 올해 사상 최대 영업익 전망목표주가 만,Economic
 부산서 원소주 팝업스토어 지에스 원 연다,Economic
골프 열풍에 퍼블릭 그린피 폭등년 새 ,Economic
 연준  월에도 빅스텝 한국과 기준금리 같아질 듯,Economic
월  의사록 장기적 긴축 기조는 경기 고려해야속도 조절 가능성,Economic
골프 인기 높아지자편의점서 만원 골프박스 개 팔렸다,Economic
테고사이언스 대해부세포치료제 도 우리가 최고,Economic
침울했던 동학개미의 상반기하반기는 어떨까,Economic
박재범 소주 부산서 팝업스토어 연다,Economic
클릭 종목 동박사업 이익 증가 추세실적 호조 예상,Economic
이마트 월계점 싹 바꿨더니전국 매출 위 매장으로,Economic
김대호 박사 오늘 기업사람 샤프텐센트에어비앤비애플현대차삼양식품,Economic
심텍 구조적 호황 지속년연속 주가상승은 부담,Economic
연우 전방산업 업황 부진 예상보다 길어져목표가,Economic
팔도비빔면 도 넘은  상술 논란무슨 일 있었길래,Economic
뉴스새벽배송 의사록에 증시경기부양 시사,Economic
와이지엔터 오매불망 기다리는 블랙핑크목표가현대차,Economic
한국공항 실적회복 관건은 정기편 증설 속도이베스트,Economic
한국투자 한국가스공사 유가금리 인상 오히려 긍정적,Economic
 연우 길어지는 전방 수요 부진목표가,Economic
디스플레이 샤프로부터 배상금 억 받는다특허 계약 위반,Economic
테고사이언스 대해부세포치료제 기술 글로벌 가장 앞서,Economic
전경련  최저임금 인상속도  평균의 배과속 자제해야,Economic
오늘 한은 금통위 개최기준금리 인상 전망,Economic
국산 신약 최초 글로벌 매출 조이노엔이 장담한 근거,Economic
홀딩스 분기 영업이익 감소 전망중국 내 철강재 수요 회복 관건,Economic
내가 막차 탔구나 영끌족 멘붕투매 임박 집코노미,Economic
정부 다시 뛰는 재계금호석화 로 사업기회 발굴미래변화 선제 대응,Economic
외환브리핑연준 두 번 더 빅스텝 재확인환율 원대 등락,Economic
에너지솔루션  점유율 끌어올린다목표가 만원 키움,Economic
채식주의 소비자 급증비건 사업에 속도 내는 식품업계,Economic
이 길이 아닌가봐 아직도 헤매는 동대문디자인플라자 김영찬의 디자텔러,Economic
오미크론 영향으로 월 사망자 역대 최다만 명 넘었다,Economic
해성디에스 반도체기판 판매가내년까지 고성장삼성,Economic
아모텍  저점과 하반기  흑전 모멘텀,Economic
엔비디아 기대에 못 미친 매출액 전망시간외서 대 급락,Economic
한국 노동생산성 대비 최저임금 너무 높아전경련 경고,Economic
달러 숨 고르기분기 하락 압력 이어질 수도,Economic
주택 거래 부진에 월 인구 이동 년 만에 최소,Economic
금리 인상 유력개미 투자자들에 미치는 영향은아침 라이프,Economic
이슈분석 이창용호 첫 금통위 금리 인상 촉각향후 행보는,Economic
기자수첩모니모가 내다버린 삼성스러움,Economic
클릭 종목엔솔  대 자동차 메이커에 배터리 공급바이든 정부 수혜,Economic
주거형 오피스텔 시흥시청역 루미니 월 분양 예정,Economic
반도체 전쟁 속 연간 인력 배출 대만 만 중국 만우리는한판승부,Economic
연준 최소 번 더 빅스텝 간다공격 긴축 예고종합,Economic
쫌아는기자들 인공지능이 농사했더니 생산량이 생산량이 배로,Economic
블록버스터 시대퓨쳐켐 확실한 치매 치료제 나오면 성장 폭발,Economic
에너지솔루션 년까지 타이트한 수급 기대키움,Economic
현대엔지니어링 힐스테이트 동탄 르센텀 월 분양,Economic
테고사이언스 대해부세계 최다 세포치료제 상용화 기업의 비결,Economic
전세금 보증 가입하면 돼 믿었는데나쁜 집주인 거를 방법 없다,Economic
폐가죽의 대변신혁신기술에 나이키 이어 도 찜,Economic
외국인 관광객 돌아온다정상화 채비하는 면세업계,Economic
루나 사태 법정 공방 코앞제도 미비한 가운데 쟁점은,Economic
빅데이터일 오전 주식시장 심리 단계 매우좋음,Economic
경윳값 사상 처음 리터당 원 돌파올해 들어 원,Economic
한국가스공사  가격이익개선 구조적목표가한국,Economic
유류세 할인 약발 끝비싼 기름값에 운행 안 한다,Economic
금감원 직원 억원대 횡령 우리은행 수시 검사 연장,Economic
안전빵인데 쏠쏠남들 코인 폭락할 때 난 여기서 돈 번다,Economic
한여름 꿀잠 침구전기차 타이어 만드는 특수섬유,Economic
상장사 곳 중 곳 꽁꽁 언 증시에 년 사이 주가 하락,Economic
가상화폐 시세 테라 테라 으로 점찍고 부활,Economic
비행기 추락사고 같은 증시 전혀 재밌지 않다,Economic
오늘의 환율전망 유로화 약세 영향에 강세 원 상승 출발 예상,Economic
아모텍  양산 부능선 넘었다하이,Economic
에너지솔루션 장기간 공급 부족할 북미서 적극적 증설키움,Economic
서울 시세 억대 아파트 억원대 매각 진행,Economic
코로나 충격 월 사망자 첫 만명대인구 감소 역대 최대,Economic
조간브리핑 국민연금 수익률 석 달째 빨간불손실 규모 조,Economic
한은 금통위 오늘 기준금리 결정인상 가능성 높아,Economic
서학개미 뭐샀나 떨어지면 더 산다고위험 상품에 집중한 서학개미,Economic
세계은행 총재 우크라 전쟁 글로벌 침체 촉발 가능성,Economic
시승기 순하게 즐기는 의 퍼포먼스  메르세데스    세단,Economic
재택플러스 삼겹살참치회도말랑말랑,Economic
재택플러스 침대 가게에 침대가 없다왜,Economic
뉴욕증시  의사록에 안도 상승테슬라 메타 ,Economic
증시전략  월  물가에 촉각인플레 우려 완화될까,Economic
 의사록에 안도 랠리다우  올라,Economic
미국 안보리 추가 대북제재안 표결중러 거부할 듯,Economic
누리호 차 발사 주 앞진짜 위성 싣는다,Economic
누리호 초소형위성 개발자 발사통신 성공 간절히 기원,Economic
삼성 스텔란티스 합작공장으로 중장기 성장성 확보,Economic
테슬라 주가 폭락에머스크 재산 조원 증발,Economic
학식도 원 폭등런치플레이션에 도시락 편식 늘었다,Economic
한덕수 퇴직 공무원 동원해 규제 혁신 별도 조직 만들 것,Economic
외면받는 바이오 부활의 답은 이것해외서 기술력 더 인정,Economic
머스크 트위터 인수 자금 부담 덜었다트위터 주가 급등,Economic
 대한항공 합병 국내  의견 청취취항계획 확인,Economic
삼성하이닉스 분기 낸드 플래시 점유율 과반 넘어,Economic
김대호 박사의 오늘의 키워드  의사록엔비디아 쇼크푸틴 후계자윤종원 충돌한전 폭탄돌리기,Economic
서프라이즈 없다  의사록에 안도한 뉴욕증시,Economic
한전 자체신용도 낮아졌다 적자빚 더 늘어날 듯,Economic
글로벌 마켓 냉온탕 오가는 뉴욕증시  의사록에 안도 랠리,Economic
남성이 여성보다 편의점 더 자주 간다이용금액도 약 배 차이,Economic
은행서 문자 올까봐 무서워요 직장인들 마통 금리에 화들짝,Economic
합병 앞둔 한세엠케이 주간 주가에 눈 못 떼는 까닭,Economic
지나인제약  폭락년새  종목 주가 하락,Economic
로봇 집안으로 들어온다가사노동 돕는 로봇 시대 성큼,Economic
채점방법도 못 정한 샌드위치패널 시험하반기 대란 예고,Economic
부동산 가격 상승 심리도 꺾여 본격 하락장 오나 한강로 경제브리핑,Economic
 신입사원 면접에 가상 인간 등장업계 첫 시도,Economic
대체 어떤 회사냐 이직 문의 폭주기아 직원도 줄섰다 김익환의 컴퍼니워치,Economic
년 귀속 종합소득세 신고가이드 종소세의  몫 신고납부 잊어선 안된다,Economic
윤리경영과 담쌓은 신풍제약거액 비자금 조성 허위 공시로 주주 우롱,Economic
 내용 공개  안도 랠리 반도체 영향 살펴야,Economic
  증시 충격 계속되자 속도조절론 부상,Economic
올 들어 내리막 탄 제약바이오주 하반기엔 반등할 수 있을까,Economic
최악 지났나  회의록 공개에 오른 증시 뉴욕마감,Economic
먹튀돈잔치찬밥신세 자초 이래서 바이오 못 믿어,Economic
서학개미 년 만에 감소증권사 어쩌나,Economic
 정부 초대 공정위원장에 장승화 내정이번주 발표 전망,Economic
안 오셔도 돼요가상세계서 만나요 메타버스로 예산 짠다,Economic
변동성 커지는 시장 포트폴리오 조정하는 방법 더 머니이스트하박사의 쉬운 펀드,Economic
화이자  원숭이두창 큰 걱정 안 해상황 지켜봐야,Economic
억 단위 뚝뚝그게 되겠어요 분당 집주인들 속탄다,Economic
패션 날았다거리두기 풀리자 실적 쑥,Economic
신선한 경제 아파트값 치솟자 빌라 전월세로 몰렸다,Economic
 신촌 최루탄 해장라면 훼드라 라면 단독 판매,Economic
경쟁률 찬바람 지방 청약시장그래도 믿을 건 브랜드뿐,Economic
글로벌 비즈 나이키도 러시아 떠난다 최대 가맹점과 계약 연장 안해탈러시아 동참,Economic
연준 두어번 더  금리인상해야,Economic
사장님대도 금융으로 부실 대책 마련했나,Economic
인터뷰 활짝년 노하우로 장기 파트너 될 것,Economic
뉴욕증시  의사록에 안도 일제히 상승테슬라  출근전 꼭 글로벌브리핑,Economic
 대한항공 합병 국내  의견 청취취항계획자금력 확인,Economic
삼성전자 시스템 반도체 연구 인력 배 늘린다통합 칩 솔루션 도전 뒷북비즈,Economic
뉴욕 증시 대 상승 마감금통위 기준금리 올릴 듯 모닝브리핑,Economic
돼지 등심값도 껑충만 인분 국산 둔갑,Economic
삼성물산 단독 입찰로 시공사 못찾은 흑석구역 현산주민대표회의 접촉,Economic
지선 속 쏟아지는 규제지역 해제 요구내달 주정심에 관심집중,Economic
서촌 거리 가득 채운 관광객청와대 앞 상권 살아날까개방 나비효과,Economic
때가 왔다 가계대출로 재미 본 보험사들 금리 계속 올린다,Economic
연기금 엔솔 순매수 조원 돌파수급 쏠림 지속,Economic
권도형의 테라  결국 나온다일 가동 전망,Economic
통신주 상승세 여름엔 끝물장비주 시간 온다,Economic
삼성 테일러 공장 곧 착공조 실탄 텍사스에 또 투자하나,Economic
천연고무값 치솟으니바람 빠지는 타이어주,Economic
살인 이자에 우는 서민 제금융은 이자장사,Economic
통신주 상승세 여름엔 끝물장비주 시간 온다,Economic
삼성 테일러 공장 곧 착공조 실탄 텍사스에 또 투자하나,Economic
천연고무값 치솟으니바람 빠지는 타이어주,Economic
살인 이자에 우는 서민 제금융은 이자장사,Economic
년새 상장사 개 중 개 주가 추락성장주 추풍낙엽,Economic
월 국제선 항공 여객 만명 넘을 전망아직 코로나 전  수준,Economic
연준 빅스텝 두어번 더 필요한은도 오늘 기준금리 올릴듯,Economic
정부 자영업자 손실보상에 조 짜리 마이너스 통장 쓴다,Economic
재무통부터 전략실장까지 내린다 현대 지누스 지배력 강화,Economic
집나갔던 셀트리온 형제 돌아오나하반기 본업에서 실적 낸다,Economic
분양가상한제 개편안에 조합 이주비사업비 포함 유력,Economic
둔촌주공 시공단 빠르면 월 공사 재개 가능성 있다,Economic
월에 벌써 도철없는 무더위 전력예비율 대로 뚝,Economic
기준금리 로 올리고 물가 전망은 대로,Economic
만원선에서 줄타기 전자볕 들 날은 언제,Economic
년 전부터 씀씀이도 줄인 한전적자 더 커진 이유는,Economic
월 전세대란 잠잠해진 집값 과열 뇌관 되나,Economic
레벨 자율주행차 연내 상용화맞춤 보험 나올까,Economic
 득점왕 손흥민 내친김에 광고도 주름잡을까,Economic
편의점 누가 자주 이용하나남성이 여성보다 월 회 더 많아,Economic
고유가에  몰기도 부담 월 휘발유경유 소비량 뚝,Economic
두 달 연속 오르던 집값 전망 대출금리 우려에 하락 전환,Economic
위스키에 빠져든 비싸도 마시는 이유 힙하잖아요,Economic
년 타도 더 비싼 쏘렌토 웃돈 붙는 캐스퍼,Economic
백윤미의 손품임장 실거래 억 호가는 억 여의도 분컷 아파트 지금 사도 될까,Economic
하반기 경제전망 물가 상승 추세 년 안 간다 물가 못잡으면 성장 어렵다 ,Economic
하반기 경제전망   빅스텝 번 밟는다한은 기준금리 까지 올려야,Economic
장특공 손본다는 민주당 방침에 시장선 지금 하면 전세난 가중 우려,Economic
핑크퐁 이어 미니특공대도 상장 준비 판 커지는 키즈 콘텐츠,Economic
위기의 그룹 정몽규의 아시아나항공 인수전으로 작용,Economic
의료자문 통한 보험금 지급 거부 증가금융당국 경고,Economic
생보사 사망보험 역마진의 늪금리 인상 공포,Economic
재건축 규제 완화 기조에계산기 두드리는 재건축 조합집슐랭,Economic
돼지 공급 역대 최대라는데금겹살 된 이유는,Economic
대한항공 일축에도 계속되는 아시아나 합병 무산설왜,Economic
매파로 변한 이창용 오늘 첫 금통위빅스텝 발언에 촉각,Economic
재건 도와달라는 우크라나경원 특사 긴밀히 협의해 나가자,Economic
자이언트 스텝 없다 뉴욕증시 상승,Economic
미 연준 가파른 긴축 공감대중립금리 이상으로 올려야,Economic
맛있으면 비싸도 찾는다아웃백 대박 이끈 진대제의 승부수,Economic
유통가에 쏟아지는 은행 러브콜짝이 다 있다,Economic
못올렸던 전셋값 한번에 올린다역대급 전세대출 예고된 월,Economic
뉴욕증시  의사록에 안도 랠리다우  마감,Economic
경제 이미 스태그플레이션 진입노동경직성에 악화할 수도,Economic
 유일   어떤 경쟁 모델 나와도 걱정 없어,Economic
코인 테라 테라 으로 일쯤 부활할듯,Economic
임대차법 개편 전월세 대란 논란 잠재울까,Economic
 안 볼땐 액자로 쓴다요즘 뜨는 가전제품 의 비밀,Economic
영끌 공무원 오른 이자에 놀랐다연금대출  넘는다고,Economic
끝이 안 보여 한국타이어  최대 타이어 테스트 트랙 가보니,Economic
안 가져가면 어떡하나  조선 러시아 선박재고 비상,Economic
한미 원전동맹에 두산 조 투자로 힘 보탠다,Economic
무주택자 집살까 청년신혼부부 내년부터 년 만기 주담대 받는다,Economic
연준 두어번 더  금리인상해야긴축적 정책 필요종합,Economic
정권 바뀌면 기관장 교체 국책은행 인사태풍 몰아친다,Economic
만전자보다 매력적 외국인 소리없이 줍줍한  소부장 주식,Economic
잘 달리는 버스에서 아이구야 이런 사기꾼에 보험금 억 샜다,Economic
급매도 안 나가요 뚝 끊긴 아파트 거래월엔 요동칠 수도,Economic
다주택자 양도세 절세 한시적 중과 배제 활용하세요 이승준 세무사의 생활 속 재테크,Economic
실손 지급거절 갈등 커져도 땜질 처방만 하는 금융당국,Economic
둔촌주공 사태 실태점검대출만기분상제 변수,Economic
연내 청년신혼 년 만기 주담대 나온다,Economic
카페야 회사야 바다 보며 워케이션중입니다,Economic
뛰는 식용유값 우는 치킨집,Economic
환율 원대로 떨어졌는데외인은 들어올까 말까 고민만,Economic
수도권 외곽부터새 정부 기대감 썰렁했던 경매시장도 훈풍,Economic
오늘 이창용 첫 금통위인플레 압박에 기준금리 올릴 듯,Economic
단독무늬만 자영업자 꼼짝마주택구입용 꼼수대출 막는다,Economic
 상한제에 신재생민간발전 분노법적 대응 불사,Economic
여름휴가 안가고 만다항공권 배 베케플레이션 비명,Economic
무역수지 적자 벌써 억불연간 최대치 기록하나,Economic
한은 빅스텝 위축되는 투자심리,Economic
강남 출퇴근쇼핑몰 누리는 임대 아파트 년 간 이사걱정 ,Economic
대형플랫폼 제 루나테라 발행 땐한은 금융위기 불러올수도,Economic
만 원으로 인 삼겹살 파티 도전어림도 없네,Economic
전세대출 똑똑한 세입자 이렇게 받는다,Economic
인플레 번 언급한  추가 빅스텝 예고긴축 적절,Economic
어디 전세대출 이자 싼 곳 없나요오늘도 서민들은 웁니다,Economic
코스피코스닥 편입이 악재 공매도 표적될까 덜덜,Economic
오늘 기준금리  인상할 듯 이창용 총재의 첫 의사봉은,Economic
오늘 한은 기준금리 인상 유력빅스텝은 아닐 듯,Economic
삼성전자 하반기 수요가 관건인데경기 침체 먹구름,Economic
단독 한국만 규제 어렵다 특금법 시행령 검토 헛구호되나,Economic
차의 테루아르와 과학 미묘하고 복잡한 다향의 세계센서가 감별하는 시대 올까,Economic
  애플 잡겠다 샤오미의 자신감그 힘은 커뮤니티와 팬덤이다,Economic
 심리학 리더가 솔선수범할 때 직원들이 따라가는 건 심리적 목표 전염 효과,Economic
연준 중립에서 긴축으로 무게 중심 이동의사록,Economic
연준 번 더  인상중립금리 넘게 빨리 올려야상보,Economic
현대차가 전기 거점 선택한 조지아 이유는,Economic
글로벌 비즈 브리핑 루나 부활에  찬성테라 일 출시 전망,Economic
만전자 발동동 과거에도 그랬다폭락장 회복 얼마나 걸렸나부꾸미,Economic
편의점 강 중시대 이건 내가 최고지,Economic
집콕 끝 여행 시작 카드보험 혜택 미리 챙겨두자,Economic
업무용 승용차 운행기록부 꼼꼼히 써야 세금 혜택받는다,Economic
증시 하락세에도 리츠는  수익 높은 배당수익률도 매력,Economic
년안에 갚으세요 청년신혼부부용 주담대 나온다,Economic
뉴욕 왕복 만원 방역탓 운항 못늘려 가격 껑충,Economic
정의선 현대차 회장 대우와 사돈 맺는다,Economic
화장품 주가 하락은 마스크 탓이 아니었구나,Economic
전후 재건비용 러시아가 대야 우크라 외교장관,Economic
뉴욕 왕복 만원 방역탓 운항 못늘려 가격 껑충,Economic
정의선 현대차 회장 대우와 사돈 맺는다,Economic
화장품 주가 하락은 마스크 탓이 아니었구나,Economic
전후 재건비용 러시아가 대야 우크라 외교장관,Economic
유류세 인하 약발 끝비싼 기름값에 운행 못 해,Economic
네덜란드 과학자들 중 양자 원격이동 성공양자인터넷 시대 여나,Economic
삼성스텔란티스 인디애나에 배터리 합작법인 설립,Economic
이앤씨 편한세상 시티 고색 월 공급,Economic
삼성 에 첫 배터리 생산공장 짓는다,Economic
  삼성 프리미엄  주도권 경쟁,Economic
새차보다 비싸 중고차가 기가 막혀,Economic
아니 주가가 왜 이래 리오프닝주 줄줄이 내리막길,Economic
이번엔 스냅 쇼크기술주 공포에 떤다,Economic
민간 발전사 이윤 빼 한전 적자 메운다니법적 대응할 것,Economic
소형모듈원자로가스터빈두산 차세대 에너지에 조원 투자,Economic
아파트 엄두 안 나 서울 빌라 전월세 거래 역대 최고,Economic
년 기다리느니 중고차 산다 신차 값에 팔리는 중고차,Economic
오늘일 금통위 열린다이창용 총재 첫 선택은,Economic
상폐 임박 맘스터치 공시 회피 꼼수 가맹점주 권익 침해 우려,Economic
뉴욕증시  의사록 대기하며 강보합세로 출발,Economic
 파도 속 정유반도체 기업 표정 관리,Economic
닻 올린 중국발 원자재 쇼크는 우려 요인,Economic
북미에 배터리 모종 이식수확만 남아,Economic
대출 한도 목마른 사람들년 장기대출 인기몰이,Economic
루나테라 폭락 미스터리,Economic
루나테라 코인의 몰락죽음의 소용돌이 덮친 가상화폐 시장,Economic
직장인이 코딩 배워보니 험난한 주경야독의 길끈기는 필수,Economic
용산서  대통령 만난 인들 소탈하고 친근이런 대통령 처음,Economic
줄어드는 전세 매물실거주 의무 완화금리가 시세 갈림길,Economic
비혼인가구 생계비가 최저임금 결정기준대표성 논란,Economic
청년주택 구입부터 규제완화년 만기 대출상품 나온다,Economic
코로나 충격 월 사망자 만 첫 돌파인구 만 사라져 역대 최대,Economic
저평가 기술주 많다그래도 하락 단계 남았다오미주,Economic
지역 실정 안 맞는 새 정부 부동산 대책,Economic
캐시미어를 두른 늑대우리가 욕망하는 모든 것 그의 손에 지배된다,Economic
최고 전기차 만들겠다는 유퀴즈 인터뷰 믿었는데 숨지말고 대화하자,Economic
픽뉴스 청와대 본관 공개  봉 샀는데 없다  에베레스트를 날다,Economic
유류세 인하 약발 실종운행 안 해,Economic
루나 사태 법적 책임 따지기에 구멍 커대책은,Economic
권도형 믿었다가 더 큰 손실 거래소도 책임,Economic
루나 사태로 불신 커진 가상화폐 관리감독 허점,Economic
감자튀김 빠진 햄버거 세트메뉴금자된 감자,Economic
국내선 답 없다토종  해외진출 속사정,Economic
리터당 천원 육박 경윳값 고공행진화물 총파업 예고,Economic
최대  할인지하철버스 정기권 나온다,Economic
착한 소비에 꽂혔다는 김대리 비건 샴푸는 뭘로 쓴대,Economic
떨어지면 더 산다간 큰 서학개미코인러들,Economic
집중취재 전세계 휩쓴 한국 웹툰  웹툰에 빠진 만화 강국 일본의 젊은 세대,Economic
우주 강국을 향한 꿈  누리호 차 발사 주 앞으로,Economic
기억나지 않는다옵티머스 재판 하나은행 증인 출석,Economic
한은 기준금리 추가인상 유력 한미 금리역전 시간문제 인상 불가피,Economic
해외변수에 왝더독테마주만 들썩 증시프리즘,Economic
정권 교체기 방치된 금융대규모 수장 공백에 중기 지원 약화 우려,Economic
일산 부동산에 볕드나리모델링 재건축 추진에 들썩 르포,Economic
바이오 빅 무브신약 주권 쟁탈전,Economic
팬데믹 특수 종료희비 엇갈린 스냅  줌비디오  ,Economic
빅맥스벅커피에어조던 다 못 산다나이키도 러시아서 철수,Economic
추락하는 생건해외사업 돌파구는,Economic
영토 넓히는 배터리 동맹북미 공장만 개 짓는다,Economic
증권형토큰 법제화 물살세대 잡는다,Economic
전문경영인만 문책한 정몽규  회장의 무책임한 인사,Economic
최대 실적에도 휘청에쓰오일 울산공장 화재 후폭풍,Economic
 눈 앞에 드리운 스태그플레이션이라는 그림자,Economic
 대한민국 새 출발 갈등봉합통합 넘어 메타버스 미래로,Economic
강남도 넘보는 용산하루 건너 개발 계획 나온다 부동산,Economic
월 사망자 이례적 급증인구 개월째 자연감소,Economic
정의선 회장 장녀 월 화촉 대우와 사돈,Economic
일러스트 이코노미내 대출 원리금 얼마나 오를까,Economic
한덕수 전기료 통제 안해윤종원 훌륭한 경험 가진 분,Economic
성공예감 재고 없는 아마존도 재고 있는 월마트도폭락한 이유는  더밀크 송이라 기자,Economic
오백슬라 위기서학개미는 테슬라 조 줍줍 서학개미 리포트,Economic
인도 설탕 곳간도 잠근다세계로 번지는 식량 보호주의,Economic
단독 금융위 코인 신속대응 요구에 한국만 규제 어렵다,Economic
윤석열표 청년주택 통합브랜드 나온다신혼희망타운 역사 속으로,Economic
누리호 두 번째 도전이번엔 실제 위성 탑재,Economic
내집 마련의 꿈 이룰까내년  전용 년 만기 모기지 나온다,Economic
변호사세무사약사 예전같지 않아요흔들리는 전문직,Economic
증시 추락에 연준 과속하지 말라 우려 쏟아져,Economic
 또 터진 횡령이번엔 돌려막기 외,Economic
삼성전자가 바꿨다기혼자 중심 복지체계 개편,Economic
코스닥 시총 위 누구엘앤에프셀트리온헬스케어 자리다툼종합보,Economic
새마을금고도 터졌다억 횡령 직원 자수 걸릴까봐,Economic
삼성  배터리공장 조 투자 스텔란티스와 합작법인 설립계약,Economic
숫자로 본 경제 서울 세종 집사교육 관건,Economic
임대차법 년 월세빌라로 밀려나는 서민들,Economic
원숭이두창 우려 차단 나선 세계모더나 백신 개발 시작,Economic
탈원전에  기술 개발 뒤처졌는데예산마저 삭감 위기,Economic
단독 소상공인 위탁보증 부실률 배 폭증조 더 묻고 더블로,Economic
 노후는 처음이라이번 생은 망했다 노후 파산 시그널은,Economic
고금리 계약상품 줄줄이 역마진 보험사 웃돈 주고 재매입하나,Economic
삼성전자 시스템 반도체  인력 배 늘린다,Economic
국세청 헬로비전 세무조사그룹 편입뒤 처음,Economic
늑장대응 질타에 코빗 루나 상폐코인원도 상폐 가닥,Economic
힘 못쓴 실적시즌  배 이하 저평가 종목 담아볼까,Economic
국제선 좌석수 유럽  늘었는데 한국은 뿐,Economic
자회사와 시너지 확대 삼바셀트리온 반등 기회 오나,Economic
전세 난민에송파 강서 광진 빌라까지 동났다,Economic
서민 기름 경유의 배신몰면 손해 안 몰면 굶는다,Economic
시장 왜곡  투기 차단 조합원 지위 양도제한 조기화 논란,Economic
오세훈의 신통기획 재개발 첫 사례 나왔다,Economic
대규모 대미 투자 눈치 보였나역대급 국내 투자 발표한 재계,Economic
씨레라 어닝쇼크신저가 골머리 강호성   대표격려금 노이로제 안동일 현대제철 대표,Economic
산업 막전막후 루나에 놀란 위메이드주가 폭락에도 코인 올인,Economic
한덕수 윤종원 소주성 문제있어 정부 불려간 사람검증 안 끝나,Economic
생생 제약바이오 폭언 파문 윤재승 대웅제약 회장의 복귀회사는 소송 악재,Economic
타이어 극한 테스트 과정 살펴보니,Economic
정의선 김우중 집안과 사돈 맺는다장녀 내달 결혼,Economic
가성비 컨버스 너마저패션플레이션 직격탄,Economic
어제 견적 뽑고 오늘 배송분만에 계약 요즘 렌터카 받는 법,Economic
 빼면 공기업 법인세  안돼경영 곪는데도 구조조정 무풍지대,Economic
루나  나온다는데가이드라인은 하세월,Economic
아파트 전셋값 못맞춰송파광진 빌라 세입자  급증,Economic
광주 광천이촌 강촌과천주공현대건설 년째 정비사업 위,Economic
오피스텔 면적 클수록 가격 더 올라,Economic
신통기획 재개발 호 천호구역 년 만에 심의 통과,Economic
저평가 됐다전북 집값 상승률 전국 위,Economic
정재훈 한수원 사장 퇴임 앞두고 특별 승진 인사 논란,Economic
증시 부진에 자사주 매입 나선 증권사주가 반등 가능할까,Economic
러 강제 디폴트 수순미 채무상환 허용 유예 일 종료,Economic
고금리 덫 걸린 보험업계계약재매입제로 풀릴까,Economic
 인도 설탕까지 수출 제한한국 식량 위기 우려 없나,Economic
국회가 알아서 수천억씩 증액해주니국토부도 마음 놓는다는 예산,Economic
자사주 내다판 엘앤에프악재  호재 설왕설래,Economic
생보사 고금리 상품 역마진 비상재매입 허용해달라,Economic
기술주 수난시대네이버 연중 최저 스냅 쇼크로 나스닥 ,Economic
만 뛴 봉고가 만원자영업 경유 이어 중고차 비명,Economic
디지털광고 위축될 것스냅 경고에 나스닥 출렁 매경 월가월부,Economic
삼성스텔란티스  인디애나 배터리 공장 설립에 조원 투자,Economic
누리호 차 발사 월 일 확정우주 향한 두 번째 도전,Economic
월요일 출근보다 더 무서운 그것번 중 번 떨어진 코스피,Economic
자사주 처분 엘앤에프  하락셀트리온헬스케어에 시총위 내줘,Economic
재계 계열사 시총순위 희비삼성생명 뜨고 생건 지고,Economic
부품공작기계 시너지조 매출 도전,Economic
포스코 공해 보상 놓고 포항시민 분열법적 다툼까지,Economic
마켓워치년생부턴 빈털국민연금 개월 연속 마이너스,Economic
국민연금 수익률 석달째 마이너스열달치 연금 조 날렸다,Economic
건전성 위기 맞은 보험사금리역마진 우려까지,Economic
주식시장에 목매는 연금 천수답 수익률 못벗어나연금투자 다각화 절실,Economic
인도태평양이지만 인도가 빠질뻔 했다고요,Economic
진화된  더 힘준 구글 하드웨어로 세계인 잡겠다,Economic
코스피  상승펄프값 급등에 제지주 강세오늘의 증시경향,Economic
청담글로벌 공모가  깎았는데청약흥행 실패,Economic
고객 돈 털린 새마을금고고개 숙인 은행들,Economic
라씨로 에스에이치엔엘 일 상장폐지 앞두고 오늘의 장마감 특징주,Economic
기획 정부 엇나간 정책 희생양된 발전,Economic
기획 정부 엇나간 정책 희생양된 발전,Economic
벤처투자 파티는 끝났다살아남을 방법을 찾아라,Economic
중국 유통기한 논란 이어 대만서 유해물질 검출억울한 불닭볶음면,Economic
조승환  민영화 생각 안 해 후쿠시마 수산물 단호히 대처,Economic
롯데지주 임원진 대거 자사주 매입주가부양 신호탄 될까,Economic
년째 등급만 받은 국책연구원성과급 나눠먹기 전락,Economic
금융당국  옥석가리기 본격화되나,Economic
두산 소형모듈원전 등 차세대 에너지 사업에 조원 투자,Economic
무신사 입점 브랜드 팝니다탈출 러시 벌어진 까닭,Economic
전경련 지원사격 받은 추경호 이번에는 교육재정 칼 댈까,Economic
중국 년 만에 미국에 성장률 역전되나,Economic
너무 올랐나엘앤에프 다시 시총 위로 한 계단 내려가,Economic
가스터빈두산 조 신규 투자,Economic
예측불허 증시투자자 자사주 매입보다 배당이 낫다,Economic
분양보다 임대가 관리비 더 비싸임대사업자 인건비 때문,Economic
테슬라  깨지면 머스크도 마진콜,Economic
고물가에 구직 느는데 빅테크는 채용 축소 고용대란 초읽기,Economic
두산 수소 미래 사업에 조원 베팅,Economic
치솟는 종이값시름 커진 출판업계,Economic
서울역까지 분이면 도착남양주 아파트값 날았다,Economic
년간 조 투자 현대차 그룹부품주 함께 달릴까,Economic
신통기획 해야하나고심하는 재건축조합,Economic
은행 신용대출 금리  돌파주담대 주춤,Economic
스타벅스 최초로 지하철역에 매장 들어서자쏟아진 반응,Economic
고유가에 어깨 편 정유고환율에 속으로 웃는 반도체,Economic
 투자 시동 건 삼성글로벌 시장 공략에 속도,Economic
 보유세 포인트 오르면 실질주택가격 포인트 하락,Economic
 정책 흐름 탄다두산  등에 년간 조 원 투자,Economic
삼성현대차 등 년짜리 투자 같은날 발표 속사정 따로 있다,Economic
삼성전자 반도체 가격 인상 검토 중차전자가전제품 가격 오르나,Economic
해외주식 포커스 보잉 올들어  하락모건 저가매수 기회,Economic
더이상 토종 틀 갇혀선 안돼세제지원규제완화 필요,Economic
세계 에너지기업 우드사이드   가격 더 오른다,Economic
서울 아파트 거래 가뭄에도채 중 채는 거래가격 올랐다,Economic
엔데믹 기대감청담영등포 상가 임대료  급등,Economic
뜨거운 감자 기 신도시 재건축형평성 우려 해법은,Economic
시그널 청담글로벌 청약 경쟁률  대  침체 지속,Economic
토스증권발 예탁금 이용료 줄인상  대신교보도 올리나,Economic
부코핀은행 흑자전환 눈앞이우열 완전 정상화 과제,Economic
해외든 제주든어디서 일해도 상관없다 포스트코로나 근무 실험 워케이션 뜬다,Economic
개통 앞둔 신림선 일대 가보니 매물 거둬서 거래 뜸해요,Economic
 니꼬동제련 잔여지분 인수위해 억 차입,Economic
양재염곡세곡 헌릉로 중앙버스전용차로  착공,Economic
금리 올리거나 경제 무너지거나리틀 버핏의 물가 극약처방,Economic
트리마제 희소성에 사람들 몰렸다 트리마제 순천 견본주택에 발걸음 이어져,Economic
스벅 커피값으로 강남 건물 투자증권사도 꽂힌 조각투자,Economic
코스피 선 회복포스코케미칼 대 상승,Economic
에너지산업 집중 육성두산 향후 년간 조원 투입,Economic
현산 쇄신미래 조직개편새 대표이사에 최익훈종합,Economic
한은 년 만에 두 달 연속 금리 인상 유력,Economic
한국타이어  최대 테스트 트랙 한국테크노링 오픈축구장 개 크기,Economic
판 커지는 산은 부산 이전 송영길도 오세훈도 한마디씩,Economic
내 자식 한 채 사줘야지 아파트보다 비싼 강남 하이엔드 오피스텔 부동산,Economic
콧대 높은 샤넬 인당 구매제한 전세계 확대하나,Economic
평균 출퇴근 시간 분직주근접 주거시설 눈길,Economic
신림선 개통에 서남부 역세권 수혜 기대집값 들썩,Economic
니가 왜 거기서 나와일진머티리얼즈 등장에 진행중인  멘붕 시그널,Economic
씨젠  생활검사 추진코로나 조기종식 지원 사격,Economic
 조   조예결위 여사 간사 협의 파행,Economic
패스트푸드 업계서 사라진 감자물류난 때문,Economic
코인주식 전이효과 더 커졌다루나 리스크 옮겨올라 촉각,Economic
르포리모델링 최적화 평면 여기 가면 볼 수 있다,Economic
위기의 그룹 유병규하원기 화정동 붕괴사고에 임기 개월 불명예 퇴진,Economic
두산 수소연료전지 등 차세대 에너지 사업에 조 투자,Economic
생애 첫 주택  부터 추진청년 전세대출 확대도 조만간,Economic
이제는 하늘로 에어택시,Economic
존리 한국이 갑자기 선진 증시 되면 이런 일 벌어져,Economic
간만에 오르긴 올랐는데게임주 불안한 반등,Economic
한국만 월드워런티 쏙 뺀 샤넬배짱 영업 어디까지,Economic
정의선 현대차그룹 회장 장녀 월 대우와 백년가약,Economic
 코로나 봉쇄로 애플 신제품 개발 지연닛케이,Economic
콧대 높은 샤넬 인당 구매 제한 확대가격 인상 시사,Economic
서울 빌라 전월세 거래 역대급,Economic
한은 기준금리 추가인상 유력 영끌족 초비상 취약차주에 정책 초점 맞춰야,Economic
불황 온다글로벌 자금 지수형 로 발길 서학개미 리포트,Economic
이영 첫 현장행보는 통인시장추경 통과후 즉시 보상종합,Economic
 봉쇄에 발 동동  디스플레이 하반기 기다린다,Economic
보조금 늘리자 엔솔온 사업 확장,Economic
최태원 동생 최재원 그룹서 존재감 키운다,Economic
백브리핑 정부 경제수석이 정부 국무조정실장 한다는데,Economic
카카오 약발도 끝 탈 클레이튼 속도 후오비 상장수수료 인하에도 연초 이후  폭락,Economic
북미 스마트폰 전면 카메라 절반 담당하게 될 것저평가 상태라는 이 종목,Economic
손실보상 소급적용 강경한 역대 최대 추경 더 늘어날까,Economic
쉐보레 이쿼녹스 디젤가솔린으로 바꿔 내달 국내 재출시,Economic
일진머티리얼즈 매각 추진 소식에 장중 대 급락,Economic
코스닥 외인 순매수 마감 시총 상위 대 상승,Economic
단독냉동피자 위 오뚜기 월부터 평균  가격 인상,Economic
단독 광주 사고 후 몸 사리던 현산 흑석구역 입찰 뛰어들까,Economic
천 원 돌파한 경윳값소비량도 줄었다,Economic
영상같은 인플레 방어주인데주류주 웃고 라면주 울고,Economic
단독경제안보 꾸린 전경련 첫 목표는 기술유출 방지책 마련,Economic
해지하면 웃돈 줄게요 보험계약 재매입제도 불거진 이유,Economic
공모가도 밑돌던 카카오페이 주만에 만원대 회복종합,Economic
위메이드맥스 상한가장현국 대표 위믹스 추가 매수,Economic
점점 확대되는 스태그플레이션 공포이미 시작됐다,Economic
금천 박미주유소에 뭐 있길래이노베이션 이사진 총출동,Economic
직원이 슬쩍 잊을만하면 터지는 횡령사고 왜종합,Economic
철값이 금값 고물상 문전성시지난 분기  이상 올라,Economic
시장 불안에도코인에 배팅하는 여성 늘었다,Economic
금호타이어 통상임금 차 변론 빈손월 차 변론 진행,Economic
미변제금만 억 새마을금고 직원 회삿돈 억 빼돌렸다상보,Economic
금통위 하루 앞두고원달러 환율 원대종합,Economic
한국에도 스태그플레이션 이미 상륙했다,Economic
리츠 상장 개월만에 하이닉스 사옥 신규 자산으로 편입,Economic
교통비 최대  아낀다지하철버스 통합 정기권 도입될까,Economic
단독 공정위 특판가구 담합 혐의 한샘리바트 조사 착수,Economic
철거 결단 현산 곳곳서 시공권 방어남은 과제는,Economic
가성비  가심비 삼성 창문형 에어컨 경쟁 뜨겁다,Economic
삼성 스텔란티스와  합작공장최윤호 지속가능 미래로 출발,Economic
국토부 이미 조나 깎아줬다 면세점 임대료 감면 없어지나,Economic
현산 화정 아이파크 리빌딩 추진단 신설유병규 사장하원기 전무 자리옮겨,Economic
마켓뷰 코스피 나스닥 쇼크에도 상승기관 홀로 억원대 사자,Economic
단독 리츠 억 규모 분당  타워 품는다,Economic
최악 폭염 온다는데에어컨 못 켤 수도 있다,Economic
기관이 선 지켰다셀트리온 삼형제게임 반가운 급등,Economic
루나 사태에 금감원 간편 결제 차이 등 현장 점검 나선다,Economic
전철 따라 돈 흐른다더니년 새 집값 억 껑충 뛴 동네,Economic
한국타이어 태안에 아시아 최대 테스트트랙 오픈축구장 개 크기,Economic
부동산시장 강보합전망 우세한데분양가상한제 손질 얼마나 가능할까,Economic
코스피  상승 마감기관 저가매수에 반등종합,Economic
부모님 보이스피싱 피해 걱정되면 가입해드리세요,Economic
횡령 오히려 좋아개미 오스템임플란트 줍줍,Economic
청년신혼부부 위한 년 만기 모기지론 내년 도입,Economic
조승환  민영화 당장 생각 없다경제적 여건 등 고려해야,Economic
한국경제 이미 스태그플레이션에 진입했다,Economic
단독 메가딜 테일러메이드 몸값 급등에  군침,Economic
정의선 회장 대우와 사돈 맺는다,Economic
단독금융공기업 본사 지역 옮겨도 인기입사 경쟁률 대 넘어,Economic
애플 아이폰 신제품 개발 차질코로나 봉쇄 영향,Economic
외환마감  의사록 대기모드환율 하루 만에 원 하락,Economic
카메라모듈전장 실적 기대감에 증권가 이노텍 만원 간다,Economic
라면 회사 농심 회장의 야심작잠실에 문 연 그곳은 한경제의 신선한 경제,Economic
레고켐바이오 기술수출자체개발 투트랙 전략 본궤도 오르나,Economic
분기 합계출산율 명 역대최저개월째 인구 감소,Economic
윤석열바이든 원전 동맹 외치자두산도 조 투자 보따리 풀었다,Economic
라면 회사 농심 회장의 야심작잠실에 문 연 그곳은 한경제의 신선한 경제,Economic
레고켐바이오 기술수출자체개발 투트랙 전략 본궤도 오르나,Economic
분기 합계출산율 명 역대최저개월째 인구 감소,Economic
윤석열바이든 원전 동맹 외치자두산도 조 투자 보따리 풀었다,Economic
두산 소형모듈원전수소 등 차세대 에너지 사업에  투자,Economic
선거추경에 바쁜 기재위 국세청장 인사청문회 오리무중,Economic
올해 예상적자 조원한국전력에도 볕드나,Economic
탈원전 설움이 엊그제 같은데년간 조 두산 원전 경쟁력 확대,Economic
핫스탁일진머티리얼즈태웅로직스아이에스이커머스종합,Economic
한은 일 빅스텝 나서면 가계 빚 부담 만원 늘어난다,Economic
실적 쌓게 도와달라 대전 아파트 하자보수 담합 무더기 적발,Economic
현대차그룹 수소에너지로 미래항공모빌리티 사업 박차년 기체 개발 완료,Economic
주거 대안으로 떠오른 아파텔 신주거단지 프리미엄 예고된 안산 아르페 눈길,Economic
호실적에 날개단 차전지 소재하락장 속 주가 차별화 눈길,Economic
보증기관 셋인데 전세보증 가 로 쏠리는 이유,Economic
년 만의 물가위기 직면한 한은시장 일 금리인상 유력,Economic
코스닥 시총 위 누구엘앤에프셀트리온헬스케어 자리다툼종합,Economic
아파트 전셋값 엄두 안나서 분기 서울 빌라 전월세 거래 역대 최고,Economic
한은 베이비스텝 속 물가 치솟아기준금리 대폭 오를까,Economic
대한통운 건설 동화약품 사옥 신축공사 수주,Economic
추경안 협상 진통손실보상 소급 적용 이견,Economic
오후초대석 윤홍근  회장 라이벌은 맥도날드 치킨 열풍 이유는,Economic
주간 증시 전망 변동성 높아진 증시죽은 투자심리 살아날 묘수는,Economic
스냅 하루에  폭락미국 기업들 온라인 광고 줄일까,Economic
 러시아로부터 에너지 독립 선언에전세계 태양광  들썩,Economic
스타벅스 주스 사업 매각커피에 집중,Economic
조억조억원 시총 반토막셀트리온 증권가 전망은,Economic
 이제는 집 살 수 있을까청년에 직접 사과한 국토부 부동산,Economic
단독 내사람 알박기 탈원전 앞장선 한수원 사장 퇴임 직전 승진 인사,Economic
고유가 여파에 휘발유경유 소비도 주춤경기 둔화 본격화,Economic
코스피 기관 매수세에 상승선 마감,Economic
 삼성 자회사 반도체 기술 에 빼돌린 일당 기소,Economic
동화약품 년만 순화동 사옥 재건축년 준공 예정,Economic
두산 년간  등 조원 투자에너지산업 생태계 활성화,Economic
주거형 오피스텔 원룸보다 배 더 올랐다,Economic
중구종로구 일대서 세운 푸르지오 그래비티 분양,Economic
월  강화에 장기대출 봇물명 중 명은 년 만기,Economic
경유값 사상 첫 원 돌파고유가에 경유 소비량도 감소,Economic
장현국 위메이드 대표 월급 천만원 위믹스 코인에 올인,Economic
국내 첫 비건 코스요리농심 포리스트 키친 가보니,Economic
조 투자 삼성스텔란티스 미 인디애나에 첫 배터리 공장,Economic
두산 수소 등 차세대 에너지 사업에 조원 투자,Economic
현대산업개발 새 대표에 최익훈조직쇄신 기업가치 회복,Economic
누리호 차 발사 월 일로 확정,Economic
원희룡이 내놓는다는 임대차법 보완책어떤 내용 담기나,Economic
호주  관계 개선 원하면 반덤핑 관세 철폐하라,Economic
두산 가스터빈 차세대 에너지 사업에 조 투자,Economic
 스태그플레이션 이미 진행노동시장 경직성으로 악화 우려,Economic
두산 소형모듈원자로 등 차세대 에너지 사업에  투자,Economic
두산 차세대 에너지 등에 조원 투자 가스터빈연료전지,Economic
루나 늦장 대응에 신뢰 잃은 코인원코빗안정성 앞세운 고팍스 치고 나갈까,Economic
이영 장관 첫 현장 행보 통인시장만 손실보상 추경 직후 집행종합,Economic
이영 장관 첫 현장 행보 통인시장만 손실보상 추경 직후 집행종합,Economic
나흘 만에 배 위메이드맥스 상한가코스피 하루 만에 반등,Economic
주택 채 빌라의 신은 어떻게 전세사기를 쳤을까,Economic
아파트 거주 부담 커져 서울 빌라 전월세 거래량 최고치,Economic
북미서 날개 단 배터리중국 도 보폭 확대,Economic
두산 소형모듈원자로 비롯한 차세대 에너지 사업 등에 조원 투자,Economic
두산 년간  등 차세대 에너지 사업에 조원 투자,Economic
취재파일 내년부터 지하철버스 통합 정기권할인 혜택 얼마,Economic
정의선 현대차그룹 회장 대우와 사돈 맺는다,Economic
강남송파대로 연결 헌릉로 중앙버스전용차로  다음 달 착공,Economic
경기침체에 고물가 한국 스태그플레이션 진입,Economic
올 분기 서울 빌라 전월세 거래량 역대 최고,Economic
하루에  폭락한 스냅저점 매수 기회일 수도,Economic
대외연 한국  대비 재산과세 비율  위 수준,Economic
분 충전해  주행 폴스타 스토어닷에 전략적 투자,Economic
현산 유병규하원기 사퇴최익훈 대표 선임조직개편,Economic
강수 두는  앱마켓 원스토어 수수료 까지 할인,Economic
보험사 요양산업 가능성 보여준 손보도심 속 요양원 장점,Economic
독소조항 빼도 의료판 검수완박 맹공의사간호조무사 대체 왜,Economic
첫 현장 행보 전통시장 찾은 이영 장관소상공인 돕는 게 일,Economic
누가 돼도 재건축 규제 풀린다 노선 신설연장도 폭발력,Economic
지하철버스 통합 정기권 나오나국토부 년 도입 추진,Economic
종부세 줄인다더니 민주당 개정안 혼란만 가중,Economic
뉴시스 건설부동산 포럼전문가들 규제완화주택공급 방향 제시종합,Economic
두산도 투자 동참 등 차세대 에너지 사업에 년간 조,Economic
두산 원전수소 등 에너지사업 고도화에 조원 쏜다,Economic
두산  비롯 차세대 에너지 사업에 조원 투자,Economic
영상통 큰 투자 나선 대기업들증시 수혜주는,Economic
단독금감원 현장점검 호 테라 지불결제 서비스 차이,Economic
워라밸 가능 직주근접 주거시설 인기,Economic
정부 전세보증 들여다본다돈떼일 걱정넘어 이사할 권리달라,Economic
아파트 전세 엄두 안 나서울 빌라 전월세 거래 역대 최고,Economic
현금은 쓰레기라던 억만장자 레이 달리오 주식은 더 쓰레기,Economic
폭풍질주하더니엘앤에프 시총 위 자리 내주며 거래일 연속 약세 왜,Economic
개발 호재 앞둔 경기도 평택 프라운트 힐스 평택 분양 나서,Economic
항공사 화물 호황여객 회복에 영업전략 고심그래도 여객,Economic
국내 비중 낮춰라해외 디벨로퍼로 변신하는 롯데건설,Economic
서울 가구 공급 가뭄 계속고양양주안양 등 브랜드 단지,Economic
단독 증권 김창록 전 산은 총재 영입 사외이사진 대폭 변화,Economic
한국 직장인 평균 출퇴근 분 직주근접 단지가 인기있는 이유,Economic
대출금 등 채무 포함해서 자녀에게 부동산 증여하면 절세 가능,Economic
아산 한신더휴 편한세상 원주 프리모원 등 비규제지역 주목,Economic
차기 여신금융협회장 인선아직 안갯속,Economic
카카오티맵 대리운전 현금성 프로모션 사라진다,Economic
  에너지솔루션 사업 강화 이노도 참전,Economic
기아택시업계 니로 플러스로 전기택시 대중화 나선다,Economic
배터리 사 전기차 최대시장 북미서 경쟁 의지 풀충전종합,Economic
재건축 조합건설사 분쟁으로 계약 해지조합원들 큰 손해 볼 수도,Economic
 러시아 이자 통로 막아월 일 디폴트 나올 수도,Economic
년 이상 비경제활동인구 명 중 명 대 여성,Economic
경제학자들 우리 경제 이미 스태그플레이션 양상으로 들어섰다,Economic
고금리 보험계약 웃돈주고 되사는 재매입제도 검토 필요,Economic
금감원 코인 위험 평가한다는데비교가능 표준화 가능할까,Economic
돌려막기로 억원 횡령새마을금고 직원 자수,Economic
누리호 차 발사 성공 기준은 궤도 안착위성 교신,Economic
오미크론 확산에 월 사망자 역대 최다사상 처음 만명 넘어종합,Economic
신중했던 삼성 북미 공략 본격화최윤호 확고한 발판 마련,Economic
확정일자 받았는데 전세금 날려하루차 전세사기 왜 못막나,Economic
 금융기관 곳 불러 대출 강화 지시하방압력 대응에 속도전,Economic
이영 장관 첫 행보는 소상공인손실보상 조속히 집행,Economic
코빗도 루나 상장폐지 결정거래소 공동대응 방안 마련,Economic
루나 방지 특금법 시행령으로 고치라는데 당국은 난색,Economic
단독공시가 산정권 두고 국토부지자체 힘겨루기 재현되나,Economic
금융포커스 금융사가 꿀벌에 빠진 이유는  잡고 이미지 살리고,Economic
의정부 번 포천 번 일반광역버스 운영 개시,Economic
정의선 회장 장녀 진희씨 김덕중 전 장관 손자와 월 결혼,Economic
세계 최고 권위 항암제 올림픽 다음달 열려주목할 업체는,Economic
조원태 회장 대한항공아시아나 결합 승인 위해 직접 뛴다,Economic
한동훈 직속 인사정보관리단 신설 논란에대통령실은 정책 중심,Economic
단독 조 아기상어 내달 코스피 문 두드린다,Economic
정의선 현대차 회장 장녀 결혼김우중 조카와 사돈된다,Economic
포스코 세계 최초 양산 극저온 고망간강 판매 확대 기반 마련,Economic
직주근접 주거시설 인기에 세운 푸르지오 그래비티 관심,Economic
에코플랜트가 인수한 테스 중고 휴대폰서 희귀금속 추출한다,Economic
루나 사태 고개 드는 거래소 책임론피해 더 키웠나,Economic
추풍낙엽 주가에 서학개미 투자 년 만에 뒷걸음질,Economic
삼성 스텔란티스와  인디애나 조원 투자,Economic
카드사 년 분기 경영실적 카드론 금리 역주행에도 잘 안 팔리네,Economic
포스코 극저온 고망간강 엑손모빌 안정성 평가 통과,Economic
아워홈 남매의 난 폭풍 전야조원대 지분매각 열쇠는 누가 쥐고 있나정리뉴스,Economic
씨젠  생활검사로 코로나 조기종식 지원,Economic
양육비 안주면 신상 공개하는데전세금 떼먹은 집주인 왜 안돼,Economic
포스코 세계최초 양산 극저온 고망간강 엑손모빌 기술승인,Economic
포스코가 해냈다 엑손모빌과 세계최초 양산 극저온고망간강 협력,Economic
루나테라는 시작일 뿐스테이블코인 금융위기 올 수도,Economic
국민고혈압약 아모잘탄 서도 통할까,Economic
억 덩치 커진 시장패션가 니치 향수로 유혹한다,Economic
단독 대통령 집무실 첫 경제행사 만찬주로 막걸리 오른다,Economic
디스플레이에 억 배상샤프 특허계약 위반 배상금 물어낸다,Economic
자막뉴스 기준금리 또 오른다전문가의 관측,Economic
삼성 기술력인데 중국 억 화소 스마트폰 최초 타이틀 가져간다,Economic
단독신한금융투자 서윤복  상무 본부장으로 영입,Economic
청년신혼부부 위한 년 만기 모기지론 내년 도입 추진,Economic
골든부트 움켜쥔 손흥민 유통가 광고도 거머쥐나,Economic
고객 돈 또 빼돌렸다억 횡령한 새마을금고 직원 자수,Economic
밀설탕도 수출 통제 세계 식량 인플레 가속화,Economic
대한통운 건설부문 동화약품 신사옥 공사 수주,Economic
힐스테이트 불로 포레스트 분양,Economic
월 부산 사망자 명 역대 최다 기록코로나 영향,Economic
 스태그플레이션 진입 상황 악화 가능성,Economic
주금공 만기 년 주담대 설계 돌입기대반 우려반,Economic
주가 폭락에우버 이어 리프트도 비용 절감고용 축소 나서,Economic
한국 스태그플레이션 시작됐다상황 악화할 수도,Economic
패스트푸드 매장서 또 사라진 감자튀김월 감튀 대란 조짐,Economic
서울 송파중앙새마을금고서 직원 억 횡령 사고 경찰에 자수,Economic
한신공영 광주 금남로 한신더휴 펜트하우스 일 순위 청약,Economic
루나 폭락 충격 받았나 국민  암호자산 규제 필요,Economic
아파트 전세 비싸니서울 빌라 전월세 거래량 역대 최고,Economic
속보 한국형발사체 누리호 차 발사 월 일실제 위성 싣고 간다,Economic
제발 저려서년간 억 빼돌린 새마을금고 직원 자수상보,Economic
정의선 장녀 다음달 결혼대우와 사돈된다,Economic
금리 오른다 코스피 부진 속 훈풍 부는 은행주,Economic
감튀 판매 잇따라 중단다음달 감자 대란 또 오나,Economic
롯데 복합몰 속도 높인다상암송도 롯데몰 청신호,Economic
정황근 사료비 인상에 돼지고기 가격 올라사료구매자금 조 지원,Economic
전기차 배터리팩 시장 년 억달러배 성장,Economic
미래지향형 경제 다시 뛰는 대한민국으로종합보,Economic
미장은 다르다더니서학개미 올 들어 조 날렸다 조미현의 외환금융 워치,Economic
바이오 부활하려면바이오 투자 대가의 제언,Economic
대한통운 건설부문 동화약품 사옥 신축공사 수주,Economic
청년신혼부부용 년 만기 모지기론 나온다,Economic
이영 중기부 장관 만 소상공인 손실보상 수일 내 지급 가능,Economic
스태그플레이션 진행중노동시장 경직성으로 상황 악화될수도,Economic
씨티은행 소매금융 철수 막바지 조 신용대출 대환 월 시작,Economic
형지 송도시대 개막 세계적 기업 도약,Economic
디스플레이  샤프로부터 억 특허 배상금 받는다,Economic
중대본 확진자 투표 착오 막는다원숭이두창 해외유입 차단 강화,Economic
서울 빌라 전월세 거래 역대 최대월 말부터 수요 더 몰릴 듯,Economic
때이른 더위에 배추무값 급등 채소 비상,Economic
연수입 억 유재석자녀에 재산 안물려준다 강조한 이유,Economic
정의선 회장 장녀 내달 결혼대우가 사돈 맺는다,Economic
때이른 더위에 배추무값 급등 채소 비상,Economic
호반건설 인천 영종국제도시 호반써밋 스카이센트럴 차 월 분양,Economic
지금 한국에서는 혁신하면 불법규제 정책 변해야,Economic
주 신저가 후 반등 오나셀트리온 형제 급등 증시이슈,Economic
빌 애크먼 연준 더 공격적으로 나서야 인플레 잡혀,Economic
항공시장 재편 본격화는 대형화 는 코드쉐어로 영역 파괴,Economic
한덕수 총리 쓸데없는 지시에 과감히 저항하라,Economic
삼성디스플레이  동맹 연내 실현 불발공급협상 안갯속,Economic
서발법이 뭐길래 전임 부총리도 못 푼 숙제 기재부가 목매는 이유,Economic
바이오 그래도 희망은 있다이제 세계서 무시 안 당합니다,Economic
년 뒤 근로자 명 중 명은 세대 그들이 원하는 것은찐비트,Economic
한은 일 기준금리  인상 유력물가 상승률 전망도 로 높일 듯,Economic
한은 금리인상 이어질까 영끌족 두렵다노도강도 흔들,Economic
두산퓨얼셀 그룹 손자사에 억 수소연료전지 공급,Economic
횡령사고 오스템임플란트에 호평 리포트삼성 매출 성장 확고 목표가 만원,Economic
 무이자로 돈 빌려줄테니 우리사주 사세요 구매 강요 꼼수  환영한다,Economic
경찰 광주 아이파크 붕괴사고 현대산업개발 대표이사 입건,Economic
윤종원 정부 정책 실패 반대에도 국조실 기업은행 중도하차하나,Economic
여보 년 주담대 나온대 청년신혼부부 초장기 모기지론 받는다,Economic
한경라씨로 강원에너지 거래재개 첫날 하락세차전지 신사업 본격 추진,Economic
 점유율  램 올해 전세계 매출 천억불 돌파 전망,Economic
배추깻잎열무까지 값된 채소,Economic
최저임금 업종지역별 차등화 가능할까 바람직한가,Economic
코인 투자도  열풍 투자 비중  넘어,Economic
시총 조 일진머티리얼즈 매각 추진,Economic
누리호 디데이 월 일 확정우주로 향한 두 번째 도전,Economic
배추깻잎열무까지 값된 채소때 이른 폭염에 가격 더 뛸라,Economic
루나 가상자산 상폐 쓰나미 덮치나,Economic
배추깻잎열무까지 값된 채소때 이른 폭염에 가격 더 뛸라,Economic
체질 개선 지지부진한 건설맥 못 추는 주가에 국민연금 매도까지,Economic
코로나 치료제 만든다더니주가 급락에 개미들 패닉 불신만 남았다,Economic
의정부 포천에서 서울 잇는 일반광역버스 노선 개 신설,Economic
기름값 무서워 운전 못하겠네 고유가에 소비 뚝,Economic
대한통운 건설부문 동화약품 사옥 신축공사 수주,Economic
코스피 상승 안착 의약품 업종 상승세,Economic
산업부 한전 역대급 적자에 전력 구매가격 상한제 도입,Economic
오미크론발 인구쇼크분기 사망자 만 명 넘었다,Economic
수백조원 투자계획 밝힌 대기업들새 정부 선물보따리,Economic
지하철버스 통합 정기권 추진 수도권 교통비 최대  절감,Economic
정의선 현대차 회장 대우와 사돈 맺는다,Economic
라씨로 만원대 회복한 카카오페이,Economic
지방 청약시장 찬바람 분다지만 대형건설사 아파트 인기는 여전,Economic
한국타이어 조현범 한국테크노링 중장기적 성장동력으로 활용종합,Economic
타워크레인 빠지는 둔촌주공 재건축 최악의 시나리오는,Economic
바이든도 감탄한  잡을 비밀무기도대체 무엇이 달랐나,Economic
누가 현금 쓰나요 지급수단 선호 위는 신용카드,Economic
카카오뱅크 세븐일레븐과 브랜드저금통한정판 죠르디 매트 증정,Economic
뉴스까페 대리운전 사업확장 제동 티맵 도 차질 빚나,Economic
자사주 매입보다 현금 배당이 낫다 달라진 투자자들 왜,Economic
엘앤에프 자사주 매각에호재  악재 증권가 설왕설래,Economic
씨젠 전 세계  생활검사 추진코로나 조기종식 지원,Economic
천호동 노후 주거지가 층 아파트 단지로 신통기획 첫 지정심의 통과,Economic
한경연 스태그플레이션 이미 진행 중상황 악화 우려,Economic
생명 손흥민 신드롬 올라탄다,Economic
축구장 개 면적아시아 최대 테스트 트랙 열렸다,Economic
이번엔 스냅 쇼크주식이 더 쓰레기 투자 경고등 켜졌다,Economic
특례상장 곳 신약개발 건바이오 추락불신 자초했다,Economic
한전 웃고  울고전력도매가 상한제가 뭐길래,Economic
이영 중기부 장관 납품단가 연동제  만들겠다,Economic
금리 오르기 전에 달러 빌려두자해외서 빌린 돈 역대 최대,Economic
해외증권 투자 년만에 감소세,Economic
경총 대 년 이상 비경제활동인구의  이상이 여성,Economic
오픈뱅킹 사기 극성신한은행 금융권 최초 이체 제한 조치,Economic
한미약품 아모잘탄 메이야핑으로 시장 도전,Economic
누리호 차 발사 월 일이번엔 실제 위성 싣고 우주로,Economic
코빗 여당 질타 하루만에 루나 상폐 코인원은 미정,Economic
한국형 발사체 누리호 월 일 실제 위성 싣고 떠난다,Economic
한덕수 총리 취임금융권 수장 인선도 초읽기,Economic
 속도는 견뎌내야 한국타이어 아시아 최대 규모 한국테크노링 오픈,Economic
한국 스태그 이미 진행 더 악화될 우려 나오는 이유,Economic
쿠팡 택배업 진출에한진택배 노조 생계위협,Economic
이번엔 새마을금고직원이 고객 돈 억원 횡령,Economic
빨간불 켜진  경제 스태그플레이션 이미 진행상황 더 악화될 듯,Economic
한국 이미 스태그플레이션 진입노동비용 충격 여파,Economic
휴 한풀 꺾인 환율국장 나간 은 언제 돌아오나,Economic
돈줄 끊긴 바이오 생태계이러다 다 죽어 곡소리만 커진다,Economic
경유휘발유 첫 동반 원 시대 눈앞백약이 무효종합,Economic
대전 아파트 보수 공사 입찰 담합 개 건설사에 과징금 억,Economic
스타벅스 유기농 주스 브랜드 매각커피에 집중,Economic
분기 합계출산율 역대 최저개월째 인구 감소,Economic
월 사망자 급증 출산율 최저인구 감소 개월 지속,Economic
공인회계사 차시험 경쟁률 대 평균연령 세,Economic
분기 합계출산율 역대 최저사망자 역대 최다,Economic
경윳값 에 천 원 첫 돌파어디까지 오르나,Economic
손흥민 키운 롤모델 효과 윤 대통령이 알아야 할 이유,Economic
경제읽기 내일 이창용 주재 첫 금통위기준금리 인상되나,Economic
사회적 거리두기 전면 해제에   눈길,Economic
아파트 너무 비싸다서울 빌라 전월세 거래 역대 최대,Economic
추형욱   사장 탄소포집저장 매우 실현가능한 기술 자신감,Economic
정용진이 자랑한 스니커즈 뭐길래 놀라운 판매 가격,Economic
한전 적자 전기료 놔두고 왜 민간업체 이윤으로 메우나 반발,Economic
건설사가 탈아파트까지 고민원자재난에 주택공급마저 흔들,Economic
정의선 대우와 사돈 맺는다장녀 김덕중 전 장관 손자와 결혼,Economic
한국타이어 최대 테스트트랙 오픈조현범 혁신 안하면 도태종합,Economic
업그레이드 된 상품성으로 브랜드타운 마침표 찍는다 편한세상 옥정 리더스가든,Economic
오피스텔 면적 클수록 가격 상승폭 커 주거형 원룸형 보다 배 더 올라,Economic
코스닥 시총 위 누구엘앤에프셀트리온헬스케어 자리다툼,Economic
큰 손들의 상업시설 구매 열풍 한양수자인 아트포레스트 주목,Economic
경유 리터당 원 돌파휘발유보다 비싼 몸값,Economic
삼성 자회사 반도체 기술  유출해 억 챙긴 일당 기소,Economic
못 말리는 사기꾼들 자동차공제 보험금 억원 샜다,Economic
코로나 이겨낸 컬쳐 관련주 한류 열풍 선도,Economic
서울대여의도 분신림선 따라 한 번 더 돈 몰릴까,Economic
서울 낮 기온 벌써 도폭염 관련 에어컨음료주류 테마주도 꿈틀,Economic
정부 지하철버스 통합 정기권 추진 교통비 약  절감 효과,Economic
정의선 현대차그룹 회장 장녀 내달 결혼대우와 사돈,Economic
더블역세권 불패신화 이어질까부천창동안양 등서 분양 잇따라,Economic
서 통하면 서도 터진다기회의 땅 베트남 주목해야,Economic
 가상자산 방치하면 금융 안정성 해칠 수 있어 경고,Economic
경단녀도 학력따라 천차만별비경제활동 는 여성,Economic
기준금리 인상 유력물가 전망 대로 올릴 듯,Economic
일회용컵 보증금제 유예에도 불만 폭주 여전왜,Economic
헤지펀드 거물 현금은 쓰레기 주식은 더 쓰레기,Economic
동화약품 순화동 사옥 철거 후 층 규모 재건축,Economic
단독 감염병 전문가 육성년 새 감염내과 지원자 반토막,Economic
증시 출렁이자 펀드로 머니무브 가속수익률은,Economic
테슬라 주가 전고점에서 반토막머스크 재산은 천억달러 아래로,Economic
올해 분기 서울 빌라 전월세 거래량 역대 최고치,Economic
월은 국내여행 가세요 강원도 숙박 만원 할인권 발행,Economic
정의선 회장 장녀 다음달 결혼 대우와 사돈,Economic
밀가루 대란에 마트 곳곳 품절제의 요소수 사태 올까 뭘스트리트,Economic
힐스테이트 양주옥정 파티오포레 최고 대  청약경쟁률 기록,Economic
월 분양가상한제 완화 땐 둔촌주공 공사 재개 가능성 열릴까,Economic
국토교통부 버스 환승할인 되는 지하철버스 통합정기권 추진,Economic
조현범 회장 혁신 없으면 도태 역량으로 톱티어 도약,Economic
최고 대  청약 경쟁률 기록 힐스테이트 양주옥정 파티오포레 전 타입 마감,Economic
납득할 수 있는 말을 해라 국내 투자 조원에 분노한 현대차 노조,Economic
물가 상승으로 집값 지금이 제일 싸다 브랜드 새 아파트 선점해야,Economic
재계 통 큰 투자에  움직일까 정부에 기업인 사면 요청할 것,Economic
삼성전자 바이든 방한대규모 투자에도 만 전자 철옹성왜,Economic
유류세 인하도 외식가격 공표도물가 정책 약발 안먹히네,Economic
거리두기 풀려도 사고 늘지 않아보험 년째 흑자 청신호,Economic
고령화코로나에 부산 월 사망자  폭증전국 최고,Economic
가계 빚 년 만에 감소주택 거래 감소  금리 인상 원인,Economic
스페셜리포트뷰티  의존도 낮춘다북미 지역 공략 집중,Economic
이르면 년 에 현대 순수 전기차 첫 판매,Economic
삼성 조현대차 조한화 조잇따른 역대급 투자,Economic
멘토의 서가 리더십 연구에 평생 매진 대한민국 들의 멘토 박갑주 건국대 교수 겸 미래창조연구원 원장,Economic
정의선 장녀 김덕중 전 장관 손자와 월 결혼대우와 사돈,Economic
인구이동 년만 최저 만명대부동산 매매 급감 영향,Economic
외국인기관이 사들이는 이노텍주가 만원 찍을까,Economic
금 반입 땐 세금 내는데골든부트 쥐고 입국한 손흥민은,Economic
오미크론 여파 월 사망자수 만명대 역대 최대,Economic
주식코인 말고 적금 연  적금 하루 만에 완판,Economic
코인브리핑 기술주 급락에 비트코인도 만원까지 하락,Economic
대전 아파트 하자보수 담합한 건설사 적발무더기 과징금,Economic
코스피코스닥 매수세에 동반 상승,Economic
삼성 미국 배터리 생산거점 확보스텔란티스와 투자 계약,Economic
신세계건설 규제 완화 기대감 속 빌리브 디 에이블 공급,Economic
건설 스테이케이션 아파트 편한세상 제천 더프라임 일 순위 청약,Economic
루나 쇼크가상화폐 테마주 당분간 한겨울,Economic
월 사망자  역대 최대인구 개월째 자연감소,Economic
고연봉자 급여 줄어서작년 정규직과 비정규직 임금 격차 줄었다,Economic
코로나 사망자 과소추계 됐나한달 사망자 사상 첫 만명대,Economic
한은 비트코인 등 암호자산 보유 경험  불과규제는 대부분 찬성,Economic
정부 년 저임금 근로자 비중로 개선,Economic
오미크론 정점 월 사망자 폭증월간 최다 만 명,Economic
아파트 균열보수재도장 공사 담합 아트텍 등 개사 적발,Economic
코로나에 월 사망자 만명 넘었다증가율도 역대 최고,Economic
월 인구이동 년만에 최저만명 아래로,Economic
들러리만 서줘 대전아파트 하자보수 담합한 건설사들 과징금,Economic
축구장 개 면적최대 테스트 트랙 열렸다,Economic
분기 합계출산율 역대 최저개월째 인구 감소,Economic
 투명 구현 작품 억원 경매 낙찰 시선 집중,Economic
년 넘게 일 안한  여성이  노동시장 유연화 필요,Economic
코로나 정점 월 사망자 수 역대 최대전년  증가,Economic
분기 단기외채 억 급증경고등 켜진 외채건전성,Economic
명 중 명은 암호자산 보유해봤다자금세탁방지투자자보호 필요,Economic
증시하락에 서학개미 투자 년만에 감소,Economic
서학개미 열풍 속 외국인도 짐 쌌다순대외 금융자산 역대 최대,Economic
경총 대 년 이상 비경제활동인구의  이상이 여성,Economic
주가 떨어져도 해외 투자 늘어순대외자산 역대 최대,Economic
오미크론 확산에 월 사망자 역대 최다 사상 첫 만명 돌파,Economic
대통령 기념시계 공개국민대표 인에 선물,Economic
코로나로 여성 실업자  수준으로 늘어남성은 꾸준히 감소,Economic
해외 금융자산 사상 최대한은 외채 건전성 양호,Economic
월 인구 자연감소 만명 월 기준 역대 최대,Economic
고령화주택거래 감소에 이사도 급감인구이동 년 만에 최저,Economic
지갑 속 현금 만원 불과신용카드 가장 선호,Economic
오미크론에 월 사망자  최다인구 자연감소 만명 첫 돌파,Economic
인구이동 년 만에 최저부동산 매매 급감고령화 영향,Economic
공정위 아파트 보수공사 입찰 담합 개사에 과징금 억,Economic
부동산 침체 고령화에 인구이동 년만에 최저탈서울 계속,Economic
오미크론 정점 월 사망자수 역대 최대첫 만 명 대 기록,Economic
월 사망자  급증 왜분기 출산율은 또 역대 최저,Economic
삼성도 참전배터리 북미 생산기지 개,Economic
서울 천호동 노후 주택가 층 아파트로 재개발,Economic
내일부터 의정부포천서 서울 도심까지 광역버스 운행,Economic
경유휘발유 사상 첫 동반 원 시대 임박,Economic
가계빚  줄었지만금융불균형해결 쉽잖다,Economic
삼성 조현대차 조재계 잇따른 역대급 투자,Economic
단독 이 참에 달달이 끊어봐초콜릿 위 페레로 또 오른다,Economic
중국 실업 공포 번진다빅테크서 건설현장까지,Economic
리오프닝 본격화에 수혜주는카지노 자 반등 기대,Economic
인도 밀 이어 설탕 수출도 제한식량 보호주의 확산,Economic
원숭이두창 백신 일반인 접종 안한다,Economic
빗썸 투자자 중 세대 비중 비트코인이 투자 순위,Economic
치솟는 원자재값에 분양가 상승 가능성편한세상 시티 고색 내달 공급예정,Economic
미 은행 거래 자격 만료된 러 디폴트 가능성 고조,Economic
꺼진 불도 다시 보자 금융가 돌아오는 올드보이 관료들,Economic
산 높으면 골도 깊다나스닥  빠졌는데 코스피 대 낙폭 선방,Economic
마켓인쪼들리는 자금줄투자업계도 빈익빈 부익부,Economic
얼마나 더 오를까경윳값 사상 첫 천원 넘었다,Economic
복합위기속 기업들 과감한 결단정부 규제개혁 등 지원을,Economic
카카오뱅크 브랜드저금통 사전신청,Economic
억원 횡령 우리은행 직원동생공범 구속기소해외송금도 파악,Economic
반도체바이오모빌리티우주미래산업 초격차 나섰다,Economic
천호구역 층 아파트 탈바꿈신통기획 재개발 첫 사례,Economic
낮아지는 카드론 금리서민 아닌 고신용자 급전창구,Economic
주요 그룹들 역대급 투자 쏟아낸 이유는,Economic
총재도 루나 사태 비판코인 신뢰도 추락,Economic
내달 반환 두고 삼표레미콘 부지 신경전느긋한 삼표 다급한 서울시,Economic
천호구역 첫 신통기획 재개발 진행,Economic
스냅  폭락에 나스닥 기술주 덩달아 휘청,Economic
일본 여행 가볼까내달 외국인 단체관광 입국 재개,Economic
단독 삼성전자가 바꿨다미혼자 생일선물도 챙긴다,Economic
내일날씨 전국 곳곳 빗방울낮 최고 기온 도,Economic
늑장대응 질타 속 코빗도 루나 상폐 결정,Economic
신통기획 방화구역도 재정비 속도전,Economic
라씨로 일진머티리얼즈 매각 추진주가 대,Economic
뉴시스 건설부동산 포럼김종필 세무사 양도세는 풀되 보유세는 신중해야,Economic
이러다 오백슬라 가겠다테슬라 하락세 속 서학개미 눈물의 물타기,Economic
근로장려금 만여명 미신청이달 내 안 하면 손해다,Economic
나스닥 급락은 기회서학개미 에만 조억 베팅,Economic
내집 마련의 꿈 이룰까 내년  전용 년 만기 모기지 나온다,Economic
엇갈린 월가 투자 해법번스타인 고배당주   경기 덜 민감한 종목,Economic
한은 내일 금통위서 기준금리  올릴 가능성 높아소비자물가도 오를듯,Economic
민주당 종부세 완화다주택자들 뒤통수 맞았다 시끌 왜,Economic
하늘길 열린다위스키담배 면세점 판매 급등 조짐,Economic
현대중공업 최고 경영진 직원들과 소통 강화 행보,Economic
단독 윤석열표 청년주택 통합브랜드 나온다신혼희망타운은 역사 속으로,Economic
가상자산법 로드맵 나왔지만곳곳이 지뢰밭,Economic
코스피 기관 매수로 상승원달러 환율 원대 하락,Economic
새마을금고도 터졌다 회삿돈 억 횡령 직원 자수,Economic
뉴시스 건설부동산 포럼김선철 대표 둔촌주공 사태 정비사업 고질적 문제,Economic
리오프닝 본격화여행카지노 관련주 실적주가 상승 기대,Economic
나랏빚 이자도 껑충재정절벽 위기,Economic
다시 도약하는 대한민국 미래지향형 경제 비전 제시종합,Economic
본업으로 돌아왔다셀트리온그룹 투심 살아나나,Economic
금융투자 코스피 다음달 반등인플레 우려 완화,Economic
커지는 금리 압박공포 현실화되나,Economic
삼성  서로  세계 위 주장하고 나선 이유,Economic
텐센트 대규모 감원코로나 통제에 고용한파 본격화 강현우의 중국주식 분석,Economic
아파트 말고 빌라로 가자 서울 빌라 전월세 거래량 역대 최고,Economic
청년신혼부부용 최장 년 만기 모기지론 내년 도입,Economic
뉴시스 건설부동산 포럼이춘원 교수 보유세는 거주세임차인에게 전가,Economic
이노텍 시총 조 갈까목표가 만원 첫 등장에 주가 훨훨,Economic
삼성 북미투자 시동인디애나주에 조 쏟는다,Economic
미 스냅 쇼크네카 주가 문제없나,Economic
가뭄에 단비디스플레이  봉쇄 악재 속  샤프 덕에 숨통 트일 듯,Economic
르포 여의도 분대 출근길아파트값 뛰지만 거래는 없어,Economic
천정부지 이자에가계대출 감소세 이어질까,Economic
용와대가 바꾼 상권상가 공실 제로리모델링 청와대 특수 잡아라,Economic
뉴시스 건설부동산 포럼정수연 교수 공시가 현실화율 로드맵 폐기해야,Economic
런치플레이션에 점심값 복지 챙기는 기업들식권대장 분기 고객사 전년  증가,Economic
년만에 거래재개 된 크로바하이텍 개미들이 살렸다,Economic
손흥민의 토트넘 억원 증자명 전력보강,Economic
재계 조 통 큰 국내 투자,Economic
여행관광개발지수 순위 일본 첫 위한국은 몇위,Economic
대형 건설사들 연어 양식에 까지 신사업 뛰어드는 이유,Economic
새마을금고도 터졌다억 횡령 직원 자수 생활비 썼어요,Economic
보다 큰 시장 인태 지역이 뜬다,Economic
공인회계사 차시험 경쟁률 대 전망평균연령 ,Economic
삼성 북미 첫 배터리 생산거점 인디애나 주 낙점 스텔란티스와 조 투자,Economic
정부서 주 시간 근로자 만명일자리 질 낮아져,Economic
현대건설 창립 주년 한정판  발행수익금 전액 기부,Economic
홈플러스 이제훈 사장의 년온오프 혁신 성적표,Economic
둔촌주공 빨라야 분기 공사 재개후분양 가능성,Economic
서울 강동 천호구역 가구 신축단지로 탈바꿈신통기획 재개발 첫 심의 통과,Economic
삼성 바이오투자 제 반도체 신화로글로벌 초점,Economic
주식 초고수는 지금 조원 규모 양극재 공급 계약 엘앤에프 매수 위,Economic
공매도 전설 마이클 버리  증시는 추락하는 비행기와 비슷,Economic
현대차그룹  테크데이 개최프로젝트 연구개발 성과 공개,Economic
수익성 우위 전략 삼성신중했던  투자 막올랐다,Economic
신라호텔에서 시진핑 볶음밥 해주다 창업해서 미슐랭 스타 받은 최유강 코자차 대표 창업직썰,Economic
사드도 겨우 버텼는데 또 날벼락 떨어진 면세업계,Economic
단독 정의선 현대차회장 김우중 조카와 사돈 맺는다,Economic
케이캡  펙수클루 조 위식도역류질환 치료 시장 잡아라,Economic
한국타이어 아시아 최대 트랙 준공축구장 개 크기,Economic
티웨이항공 대형기  호기 도입 완료대 기단 확보,Economic
전문가들 가계부채 심각고강도 대출규제 이어가야,Economic
괌 왕복권이 만원대 커피점에서 하루에 항공권 개 판 에어서울,Economic
 사이에 낀 반도체 업계 손익계산서는 경제안보 지형도,Economic
단독 헬로비전 그룹 편입 이후 첫 세무조사,Economic
두산삼성가 투자 뉴스케일파워 루마니아에 첫 소형모듈원전 짓는다,Economic
현장연결 중대본 지속가능한 의료체계 대응 위해 인프라 점검,Economic
삼성스텔란티스와  인디애나에 배터리 공장 조원 투자,Economic
중국 거래 기업 곳 중 곳 도시 봉쇄로 경영 악화원부자재 조달 차질,Economic
단독 가성비 운동화 값도 오른다컨버스  인상,Economic
강남대로헌릉로  중앙버스전용차로 착공속도 ,Economic
거리두기 풀리자 마자서울 주요 상권 상가 임대료  이상 급등,Economic
내년 청년신혼부부 대상 년 만기 주담대 도입 전망,Economic
지방간 잡는  코타두타이드 국내 임상상 승인,Economic
올해 분기 서울 빌라 전월세 거래량 늘었다,Economic
 도시봉쇄 풀리면 오른다외국인들 앞다퉈 담은 종목,Economic
년 만에 등장한  이동형 편의점매출  쑥,Economic
내년 지하철버스 통합정기권 나온다,Economic
실손 과잉청구 지적 보험사 모범규준 공시는 곳뿐,Economic
전기차 배터리팩시장 년 억달러 두배 성장,Economic
한전 하이브리드형  개발 추진만회 충방전 가능,Economic
샤넬 중국 봉쇄에도 성장 낙관한국싱가폴 등서 만회,Economic
엔데믹 오나 기대감에군자청담영등포 상가 임대료 급등,Economic
재계  미래투자로 새 정부 경제 활성화 지원사격,Economic
재계 조 투자 보따리바이오친환경신소재 미래 먹거리 보인다,Economic
롯데 상품본부 삼성동 시대정준호 자부심 프로젝트 본격화,Economic
치료제 없는 루게릭병제약바이오 기업들 포기는 없다,Economic
하늘길 열리자공항 매장 주름 펴지다,Economic
반도건설 풍부한 유동인구 품은 하이브리드형 상업시설 마스카 태화강 월 분양,Economic
긁으면 주식 주는 카드 나온다현대카드 이번엔 미래에셋증권과 ,Economic
롯데카드 스티커처럼 붙여 쓰는 카카오뱅크 롯데카드 출시,Economic
현대 인시그니아 반포 분양,Economic
새마을금고 억원 횡령 직원 자수고객돈 빼돌려,Economic
 굿즈 판매글 가장 많아중고 거래되는 역대 대통령 시계,Economic
골프인구 급증에 라운딩 전후 먹기 좋은 건기식 인기,Economic
대한통운 건설부문 동화약품 사옥 신축공사 수주,Economic
기아 니로 플러스 택시 보급 위해 택시업계와 손잡아,Economic
오스템임플란트 실적으로 회복할 신뢰목표가 만원,Economic
테라루나 사태에 가상자산거래소 압박법은 멀고 주먹 가깝다,Economic
한국타이어 축구장 개 크기 아시아 최대 테스트 트랙 문 열어,Economic
배터리 사 북미지역 경쟁 의지 풀충전,Economic
요즘 부자들이 조용히 사들이는 곳 집코노미,Economic
내일부터 의정부포천에서 서울 도심까지 광역버스 운행,Economic
의정부서울역 포천서울고속터미널 준공영제 광역버스 노선 개통,Economic
젊고 학력 높을수록 인구감소지역 더 빠져나간다,Economic
내일부터 의정부포천서도 광역버스 운행,Economic
 위기에 콘텐츠 업계도 타격 대작 업고 반등 노린다,Economic
의정부포천도 서울 도심까지 광역버스 운행,Economic
일부터 의정부포천서울 도심까지 광역버스 달린다,Economic
 삼각김밥 풀체인지첫입부터 토핑 한가득 간편식의 세계,Economic
의정부서울역 포천고속터미널 광역버스 내일부터 운행,Economic
달리오 현금은 여전히 쓰레기주식은 더 쓰레기,Economic
지난달 서울 아파트 거래 건중 건은 직전 대비 가격 상승,Economic
비규제 수혜에 청약경쟁률 배 강원 올해 여 가구 분양,Economic
오피스텔 클수록 더 올랐다주거형 원룸형의 배 상승,Economic
교보증권 코스피 월 일시적 반등 기대 전망,Economic
전기차 소재 알짜기업 일진머티리얼즈 매각 추진,Economic
한국타이어  최대 테스트트랙 오픈조현범 글로벌 톱티어 자신감,Economic
택시 업계와 손잡은 기아 친환경 전기택시 보급 지원,Economic
차별화된 커뮤니티 면적 세대급 대단지 버금가는 조례 한양수자인 디에디션,Economic
년 동화약품 현대식 본사 착공 지하 층지상 층 규모,Economic
미국에만 투자한다고 삼성현대차롯데한화 국내에 보따리 푼 이유가,Economic
루나 자체 소각 나선 개미들코인판 금모으기 운동,Economic
신속통합 재개발 첫 승인천호동 노후지 가구 조성,Economic
억에 낙찰  올레드 우주를 담다,Economic
조합원 한명당 상환액 억공사 중단 둔촌주공 대출 만기 월 도래,Economic
감튀 또 사라진다월 감튀 대란 재연 조짐,Economic
아파트는 너무 비싸분기 서울 빌라 전월세 거래 역대 최다 부동산,Economic
연  이자 카카오뱅크 저금통 세븐일레븐 출시,Economic
종이비행기 세계 챔피언 곡예비행 이날 여기서 볼 수 있다 김병근의 남다른,Economic
고유가에 기름 구매도 뚝월 휘발유경유 소비 ,Economic
이틀째 만 명대 확진고령층 패스트트랙 준비,Economic
새마을금고서 억 횡령 직원 자수고객 돈 빼돌려 돌려막기,Economic
분 충전으로  주행 기술 연구폴스타 이스라엘 스토어닷에 투자,Economic
카드 긁으면 주식이 생긴다현대카드 미래에셋 전용카드 나온다,Economic
오백슬라 되나 테슬라 최대 리스크는,Economic
송도 시대 연 형지최병오준호  야구장 시구,Economic
대통령이 업어줄만 하네 삼성현대차롯데한화 국내에 조 쏜다,Economic
봉 샀는데 팔도 카드 없다비빔면 이준호 포토카드 논란,Economic
새 정부 들어 강달러 속 달러 예금 감소  정부 고질병 화폐개혁 불안 해소 시그널 한상춘의 지금 세계는,Economic
오피스텔 클수록 올랐다주거형이 원룸형보다 배,Economic
코빗도 루나 상폐수수료 수익 전액 투자자 보호에,Economic
작품과 만난  투명  경매서 억에 낙찰,Economic
케이뱅크 전세대출 종 카카오페이에 실었다 비대면,Economic
 서비스케어 플러스 출시출고 년 넘은 도 관리한다,Economic
홈플러스 수박 페스티벌 개최제철 과일 저렴하게,Economic
에너지 이어 식량도 무기화푸틴 성토장된 다보스,Economic
장도 안 좋은데코인하는 여성 더 늘었다,Economic
미래에셋증권 현대카드 손잡고 국내 첫 전용 신용카드 낸다,Economic
빗썸 이용한 투자자 명 중 명은 여성,Economic
만원만원네이버 이틀 연속 신저가 경신,Economic
 최고법무책임자에 김앤장 출신 김도영 변호사 선임,Economic
부방그룹 주년쿠첸  밥솥 할인 페스티벌,Economic
물가에 오른 금리 경기 위협스태그플레이션 진짜 온다,Economic
하정우공효진 파워 이 정도였어억 뭉칫돈 몰렸다,Economic
현대 현정은 그룹 성장축 현대무벡스로 차전지 스마트물류 시동,Economic
코스피 혼조 지속 종이의약업 상승세,Economic
카뱅 롯데카드 회원 위한 스티커형 카드 선봬,Economic
일장춘몽 천슬라머스크 재산 조 증발,Economic
이색 수박 다 모았다홈플러스 수박 페스티벌,Economic
자금조달코이즈 차전지 소재 관심에 청약 흥행 기대,Economic
오피스텔은 대대익선주거형이 원룸형보다 배 더 올라,Economic
티웨이항공 대형기 대 도입해 총 대년 만에 배,Economic
단독 공공재개발 호 흑석구역 일 대우건설 입찰자격 박탈 여부 투표 실시,Economic
리보세라닙 효과  주가 다시 날까 증시이슈,Economic
금리 대 케이뱅크 전세대출 카카오페이서도 받는다,Economic
새마을금고 직원 억 횡령 자수 생활비로 썼어요,Economic
샴푸 트릴리온 빚 증가로 부실화 가속 손흥민도 계약 종료기로의 상장사,Economic
카카오페이 내 대출 한도 전월세대출 상품 라인업 강화,Economic
잔돈모아 삼각김밥 산다카뱅 세븐일레븐과 브랜드저금통 출시,Economic
지역 스타트업은 거른다첫 투자 년만에 배 수익 잭팟,Economic
산악용 전기자전거 시장을 잡아라할리데이비슨도 도전장,Economic
지금은 통화 팽창적 인플레쉽게 스태그플레이션에 빠질 것,Economic
 진또배기삼각김밥 일만 만개 판매 신기록,Economic
한국테크놀로지 악의적 허위뉴스 적극 대응 반기내 관리종목 사유 해소 예정,Economic
다시 살아나는 서울 주택매매심리서울 중심권역에 위치한 마포 빌리브 디 에이블,Economic
롯데카드 카카오뱅크 롯데카드 회원 위한 터치카드 출시,Economic
대한통운 건설부문 백년기업 동화약품 본사 사옥 신축공사 수주,Economic
제지업계 투표용지 납품  선거는 무림의 압승,Economic
비트코인 지금루나 사태로 여전히 만달러대투심은 공포,Economic
도미노피자 원 올리고  할인 고객 기만 언제까지,Economic
한국타이어  최대 테스트트랙 한국테크노링 공개축구장 개 규모,Economic
하나은행도 신용대출 최장 만기 년으로,Economic
영상당정 코인 규제 강화거래소 엄정수사 투트랙,Economic
분기 빌라 전월세거래 역대 최고아파트에서 밀려난 수요 빌라로 몰려,Economic
월 코스피 편입종목 중 한일시멘트 등 자금유입 강도,Economic
신용대출 년 만기 시대 금리는  껑충,Economic
와 방산  추진방산 보단 배터리반도체가 먼저 혜택,Economic
천호동 노후저층주거지 층 아파트로 재개발,Economic
 공공헬기 시장 진입 가속화수리온 민수헬기 인증,Economic
한국테크놀로지 악의적추측성 허위 뉴스 적극 대응,Economic
아파트 왕국 대한민국 올해 관리비 조원 달할 전망,Economic
환율 불확실성 고조에무보 환변동보험 가입액 억 돌파,Economic
불순물 검출 국소마취제 인카인겔 사용 중지회수조치,Economic
나스닥 출렁이자 삼성  야시장 북적북적,Economic
기아 택시업계와 손잡고 니로 플러스 보급 확대,Economic
전기차 배터리팩 시장 년 조 성장,Economic
이마트가 추가 지분 인수하자스타벅스가 변했다 박종관의 유통관통,Economic
영상삼성현대 등 대기업 곳 총 조 투자 계획,Economic
코빗 이제서야 루나 상폐결정수수료 수익 투자자 보호에 활용,Economic
재계 조 역대급 투자 보따리 정부에 통 큰 화답,Economic
청년신혼부부 대상 최장 년 만기 모기지론 내년 도입,Economic
퀸 엘리자베스 세 바비 한정판 나온다국내 개 판매,Economic
에어부산 인천도쿄 노선 신규 취항탑승률 ,Economic
부천 더블 초역세권 소사역 한라비발디 프레스티지 일 홍보관 개관,Economic
러시아 루블화 대달러 가치 년 래 최고,Economic
한신공영 광주 금남로 한신더휴 펜트하우스 청약접수,Economic
매물 늘어도 서울 아파트 거래  상승거래,Economic
카카오뱅크 브랜드저금통 출시첫 파트너는 세븐일레븐,Economic
김기환 손보 대표 노조위원장 베일에 쌓인 차 독대 내용은,Economic
단독 보험사 실손보험 사기 조사주째 모범규준 위반,Economic
지하철버스 통합정기권 년 도입정기권도 환승할인 가능,Economic
삼성증권 오스템임플란트 투자의견 매수 제시실적 견고,Economic
쾌적한 업무환경이 곧 직원 복지 부산  주목해 볼까,Economic
워라밸 누리는 직주근접 주거시설 인기 세운 푸르지오 그래비티 주목,Economic
단독 도수치료필라테스 병행하면 보험사기 조사손보 기준 보니,Economic
한독제넥신 마곡에 신사옥연구소 준공,Economic
디스플레이 투명 에 담긴  작품 억원에 낙찰,Economic
에어부산 인천나리타 노선 신규 취항,Economic
강남권 진입 대안으로 오피스텔 부각롯데건설 책임 준공 오피스텔 무순위 계약 진행 중,Economic
규제 완화 기대감에 주택매매심리 살아났다 마포 빌리브 디 에이블,Economic
분양가 인상되나 힐스테이트 창원 센트럴 시세차익 기대,Economic
지방 시장에서 강세 보이는 중대형 단지 가격 상승 이끌며 주목,Economic
대한통운 건설부문 서울 순화동 동화약품 사옥 신축공사 수주,Economic
환율 불확실성 고조무보 환변동보험 가입액 천억원 돌파,Economic
홈플러스  월마트  들여온다상품공급 계약,Economic
대한항공 진에어와 김포사천 김포여수 등 공동 운항월 일 출발편부터,Economic
지역축제 열린다 이동형편의점 년 만에 운영 재개,Economic
거리두기 해제국제행사 유치부산 마이스산업 재도약 시동,Economic
코빗도 루나 상폐 결정수수료 수익은 투자자 보호에 활용,Economic
미래 항공 모빌리티 비전 소개한 현대차그룹수소 드론 최초 공개,Economic
티웨이항공 대형기  호기 도입장거리 취항 본격화,Economic
메타마케팅 카이스트 교수 창업 기업 임팩트에이아이 대 주주 등극,Economic
군용 수리온 민간 응급환자 이송에도 활용,Economic
전선 전기차 부품 시장 선점 가속화,Economic
마켓옥션 스마일데이 막바지 혜택 올인,Economic
대한항공 진에어와 내달부터 국내 지방 개 노선 공동운항,Economic
건설 수성 포레스트 스위첸 일수 순위 기타지역 청약 진행,Economic
년 전기차 배터리팩 시장 천억달러올해의 배,Economic
미래에셋 현대카드 손잡고 주식 쌓는 카드 곧 출시,Economic
머스크가 우주에 보낸 인스퍼레이션 로 품어 억 대박 낸 디스플레이,Economic
전국 평균 경유 가격당 원 돌파 고공행진 이어질 듯,Economic
티웨이항공 대형기  호기 도입장거리 취항 준비,Economic
거리두기 해제 기대감분기 군자청담영등포 상가 임대료  급등 부동산,Economic
조이김세정도 입었다올여름 핫템 뜨개질 패션,Economic
개국 민간 수소협력체 에서 뭉쳤다 출범상보,Economic
엘앤에프 이틀새  하락 코스닥 시총 위로 밀려 증시이슈,Economic
전자 울트라기어로 세계 게임 모니터 시장 잡는다,Economic
게임업계 하반기 옥석가리기 시작금리인상 영향은 제한적,Economic
매직 식기세척기 인용 신규 색상 출시,Economic
물가 더 오른다 심리 년 만에 최고한은 금리 인상 유력,Economic
콜라보레이션 열풍아페르 파크 분양,Economic
티웨이항공 대형기 대 도입 완료설립 당시 대서 현재 대로,Economic
다시 찾아온 스태그플레이션 공포 최준영의 경제 바로읽기,Economic
한미약품 고혈압 치료제 아모잘탄 메이야핑으로  시장 진출,Economic
고환율 파고 무보와 함께 넘자 환변동보험 가입액 억원 돌파,Economic
생글기자 코너 아직 마스크를 벗지 못하는 이유,Economic
이게 아시아 최대 규모 타이어 테스트 트랙축구장 개 크기,Economic
게임 화면 매끄럽게 표현전자 게이밍 모니터 출시,Economic
신한금융그룹 베트남 진출 년 만에 최대 외국계 금융 네트워크 자리매김,Economic
전자 울트라기어 앞세워 글로벌 게이밍 모니터 시장 공략 강화,Economic
명품 브랜드가  마케팅에 진심인 이유,Economic
전자  패널 탑재한 울트라기어 게이밍 모니터 첫 출시,Economic
인천 주안 센트럴 파라곤 일 순위 기타지역 청약,Economic
 투명 로 담아낸 우주비행  만달러에 낙찰,Economic
한국타이어 아시아 최대 테스트 트랙 준공축구장 개 크기,Economic
전자 울트라기어 게이밍 모니터 종 출시뛰어난 몰입감,Economic
디스플레이 투명 에 담긴 예술작품 억원에 낙찰,Economic
은마아파트 평대 실거래가 억 원서울 부동산 다시 들썩,Economic
민주당 공정시장가액비율 폐지 법안에 국힘 반발 ,Economic
부동산 혼조세에 옥석가리기 한창알짜 입지 분양에 관심,Economic
금통위  기준금리 만장일치 인상 예상추가 시그널도 나올까,Economic
디플 투명  작품 억에 낙찰디지털아트계 주목,Economic
 최대 테스트트랙한국타이어 한국테크노링 공개,Economic
천안역 주거용 오피스텔 센트레힐스위트 분양 본격화,Economic
르포지선에서 쐐기 박자선거 앞두고 기 신도시 기대감 쑥,Economic
한강 프리미엄 그 이상루시아 청담  더리버 에셋파킹에 최적,Economic
담보대출 플랫폼 담비 삼성생명 주담대 상품 추가,Economic
하늘길 열리니 공항 매장 모처럼 함박웃음언박싱,Economic
취재파일 사기인가 유사수신인가 루나 포비아 법정 공방 코앞,Economic
하나은행 금융사 경영평가 위 올라우리은행 위,Economic
지난해 글로벌 명품 시장 억달러한국 세계 위 규모,Economic
월 서울 아파트 매매 건 중 건 상승거래,Economic
중국 투자거래 국내기업 약   도시 봉쇄로 악영향,Economic
정태영최현만 만났다국내 첫 증권사  출시,Economic
이영 중기부 장관 중기부 뉴 스타트 뉴 퓨처 제안,Economic
붙여서 결제하세요롯데카드 카카오뱅크 터치카드 출시,Economic
두산 투자한 뉴스케일파워 루마니아 첫  부지 선정,Economic
진원생명과학 코로나 백신 국제 학술지 게재,Economic
인도 설탕 수출 제한키로대한제당 대 강세,Economic
매직 초슬림 인용 식기세척기 신규 색상 종 출시,Economic
더 멀리 가는 수소 드론 현대차 최초 공개,Economic
한미약품 고혈압 치료제 아모잘탄 월 중국 출시,Economic
한국 주도 글로벌 수소산업 연합회 발족개국 협회 참여,Economic
은행권 로 조 퇴직연금 시장 겨냥,Economic
추경호 새 정부 추격 넘어서 선도형 경제 구현할 것,Economic
투자 전문가 가상자산은 쓰레기달러까지 폭락할 것,Economic
에코플랜트 서랍 속 중고 휴대폰도 리사이클 민팃과 손잡다,Economic
경윳값 에 천 원 첫 돌파어디까지 오르나,Economic
코스피 외인 팔자에 혼조낙폭 과대주 매수세 유입,Economic
올해 나랏빚 이자부담 최소 배 상승 전망국채 정상화 없으면 재정절벽 위기,Economic
대한항공진에어 김포사천 등 국내 노선 공동 운항,Economic
코스피 장 초반 보합권 등락기관개인 순매수종합,Economic
쉐보레 신형 이쿼녹스 월 출시친환경 엔진 장착,Economic
막내 구역까지도 정비계획 수립 착수마곡 넘보는 방화뉴타운 부동산,Economic
 가상자산과 은행과 연계돼 금융 안정 위협,Economic
수익성 우위 전략 삼성신중했던  투자 막올랐다,Economic
청약 경쟁률 배 껑충강원도 올해 가구 일반분양,Economic
지역축제 명물  이동형 편의점년 만에 재시동,Economic
카카오페이 주금공 보증 전월세대출 중개라인업 강화,Economic
쉐보레 중형  신형 이쿼녹스 월 국내 출시 가솔린 엔진 적용,Economic
손흥민 공항패션 상의 로고 거꾸로 읽으면 ,Economic
 이동형편의점 년 만에 운영 재개,Economic
현대카드미래에셋증권 국내 최초 증권사  내놓는다,Economic
한신평 한화투자증권 신용등급 로 상향,Economic
기준금리 다섯번 인상 이자 조억 늘었다종합,Economic
분양가 상승 불가피특공중도금대출 기준 상향 수순 밟나,Economic
육계주 이틀 연속 상승세널뛰기 주가 유의,Economic
 올해 억원 규모 단지 분야 공사 시공책임형  발주,Economic
월 서울 아파트 상승거래 비중  개월 새 최고,Economic
에코플랜트 민팃과 손잡고 서랍 속 중고 휴대폰도 리사이클,Economic
 믿었다가 벼락거지된 세대 년 만기 대출 검토,Economic
신통기획 적용 천호구역 년만에 정비구역 심의 통과,Economic
삼성 조현대차 조 민간 주도 성장론에 투자로 화답한 재계,Economic
아파트는 도저히 감당 안되네분기 서울 빌라 전월세거래 역대 최다,Economic
카카오페이 내 대출 한도 전월세대출 상품 라인업 강화,Economic
우크라 정보국장 푸틴 건강악화 첩보 입수사망 몇 년 안남아,Economic
엔데믹 기대감에 분기 군자청담영등포 임대료  이상,Economic
차전지 물류시장 진출현대무벡스 강세,Economic
뉴시스 건설부동산 포럼김덕례 새 정부 주택공급 민간참여 방안 모색해야,Economic
현대차그룹 미래항공 모빌리티 테크데이서  비전방향성 공개,Economic
쉐보레 신형 이쿼녹스 월 출격가격은,Economic
대한항공 진에어와 내달부터 김포사천 등 개 노선 공동운항,Economic
코로나에 원자재가 급등에도 대우건설 재무제표 개선 속속,Economic
케이뱅크 전세대출 카카오페이서 조회된다,Economic
코리아 업계 최초 구독형 차량관리 프로그램 론칭,Economic
목표주가 만원 이노텍 장중 강세,Economic
한섬 청담에 고급 향수숍 낸다오에라는 면세 사업 시작,Economic
코로나 잠잠해졌지만원숭이두창 상륙 주의보,Economic
달러 상환길 막혔다러시아 디폴트 임박,Economic
핫이슈 키워드 북한 미사일 발사정신 번쩍한동훈 소통령사라지는 영부인실,Economic
미 러 채무상환 허용 유예 일 종료강제 디폴트 위기,Economic
에너지 억 규모 신재생에너지인증 년 공급계약,Economic
청년신혼부부용 최장 년 만기 주택담보대출 이르면 내년 도입,Economic
신규확진 만명 수요일 주만에 만명대누적 천만,Economic
제노코 대한항공과 소형 발사체 엔진 개발 과기부 과제 참여,Economic
코빗 루나 거래 종료 결정 수수료 수익으로 투자자 보호 나선다,Economic
현대무벡스 화학 구미 양극재공장에 자동화 솔루션 공급,Economic
 편스토랑 진또갈비삼각김밥 일간 만개 팔렸다,Economic
코빗 내달 일 시 루나 상장폐지수수료 수익 전액 투자자 보호에 쓸 것,Economic
티웨이항공 대형기  호기 도입 완료,Economic
홈플러스에서  월마트 상품 산다,Economic
역시 는 한국이지전세계 시장 절반은 삼성 쓴다,Economic
기아 택시업계와 손잡고 니로 플러스 전기택시 보급 가속,Economic
뉴시스 건설부동산 포럼이원재 국토차관 분양가상한제 개선으로 주택공급 속도,Economic
마켓컬리 파트너사 거래액 년 만에 배 성장중소기업 비중 ,Economic
한방에 억하정우공효진 랜선 연기수업에 뭉칫돈 몰린다,Economic
티웨이항공  호기 도입 완료,Economic
전기차 배터리 팩 시장 년 배 성장 전망,Economic
매물 쌓여 집값 내렸다서울 건 중 건 상승거래,Economic
코스피 혼조 출발 도 위태,Economic
증권가 전자 목표주가 하향수익성 감소 불가피,Economic
세계 위 설탕 수출국 인도 월까지 수출 제한,Economic
쉐보레 이쿼녹스 다시 온다월 국내 출시,Economic
일진머티리얼즈 매각 보도에 대 급락,Economic
중대본 원숭이두창 해외유입 차단 강화검사체계 확대,Economic
 남양주왕숙 등 공사완성도 높이기 위해시공책임형 건설사업관리 방식 발주,Economic
나경원 녹색기술 글로벌 공공재로 추진,Economic
케이뱅크 전세대출 카카오페이에서 만나요,Economic
지난달 서울 아파트 거래 건 중 건은 상승거래,Economic
소상공인  코로나 이후 경영개선 필요 느껴,Economic
세대 중심으로 보복소비 증가 신명품 시장 주목,Economic
서울 빌라 전월세 거래량 역대 최고,Economic
일본 외국인 관광 패키지투어 입국 재개한다,Economic
티웨이항공 대형기  호기 도입 완료 대 기단 확보,Economic
엔데믹에  이동형편의점 년 만에 운영 재개,Economic
현대무벡스 화학 자동화솔루션 공급차전지 스마트물류 첫발,Economic
목표가 만원이노텍 실적 추정치 상향에 강세,Economic
 군자청담영등포 상가 임대료 엔데믹 기대감 반영,Economic
 서울 아파트 거래  이상 상승거래개월  최대치,Economic
떨어질 줄 모르는 경유값 전국 평균 천원 넘었다,Economic
금통위 하루 앞두고원달러 환율 원대 지속,Economic
코스피 선에서 등락 반복대규모 투자에도 삼전현대차 ,Economic
알짜기업 최대주주 지분매각 추진주가는 급락세,Economic
니로 플러스 택시 언제부터 볼 수 있나기아 택시조합과 ,Economic
코빗도 폭락 사태 루나 상폐 결정다음달 일부터 거래 지원 종료,Economic
강원에너지 오늘 거래 재개차전지 신사업 박차 주주가치 향상에 총력,Economic
홈플러스 미국 월마트 단독브랜드 론칭상품공급 협약,Economic
세대 럭셔리 주력층 부상작년 국내 명품시장  성장,Economic
서울 주요 업무지구 출퇴근 편리한 직주근접 오피스텔 힐스테이트 장안 라보니타 월 분양 예정,Economic
서울 빌라 전월세 거래량 역대 최다,Economic
코빗 다음달 루나 상장폐지수수료는 투자자보호 활용,Economic
핫스탁일진머티리얼즈태웅로직스아이에스이커머스,Economic
원달러 환율 하락 출발원대 등락,Economic
세 평균임금 만원고졸 명중 명 대학진학,Economic
이찬원 매직진또갈비삼각김밥 일간 만개 신기록,Economic
밸리는 빵집도 다르다랩오브 파바 오픈,Economic
강동구 천호구역 신통기획 정비구역 지정재개발 첫 사례,Economic
한미약품 고혈압 복합제 아모잘탄 올 월 중국서 출시,Economic
엔데믹 기대감분기 군자청담영등포 상가임대료  쑥,Economic
에버코어  올 연말  선까지 뛸 것,Economic
대한항공 진에어와 김포사천 등 국내선 공동운항,Economic
케이뱅크 전세대출 카카오페이에서 만나보세요,Economic
인도 밀 이어 설탕 수출도 통제식량보호주의 확산,Economic
펄프 가격 역대 최고치 경신국내 제지 관련 장 초반 강세,Economic
은마  두 달 새 억 상승 금리 인상에도 월 서울 아파트 실거래가 건 중 건 ,Economic
코스피코스닥  의사록 앞두고 숨고르기,Economic
하늘대지 동경하던 시골 소년자연 빛깔로 패피 사로잡다,Economic
한신공영 광주 금남로 한신더휴 펜트하우스 청약접수 돌입,Economic
네이버 신저가 경신 행진고점대비 ,Economic
한독제넥신 마곡에 연구소신사옥 준공신약 개발 가속,Economic
코스닥 외인기관 매도에 장 초반 하락 전환선,Economic
서울 빌라 전월세 거래 쏟아진다올해 분기 최다,Economic
 도시 봉쇄에 기업 곳 중 곳 타격매출수출 모두 감소,Economic
홈플러스  월마트 단독 브랜드 들여온다,Economic
소상공인  포스트 코로나 경영 개선 필요성 느껴,Economic
제지 국제 펄프가격 사상 최고치 경신에 급등,Economic
친절한 경제 경유 사상 초유 천 원 돌파휘발유 천 원 넘는 곳도,Economic
 진또갈비삼각김밥 일간 만개 판매 신기록,Economic
코빗 여당 질타 하루만에 루나 상장폐지,Economic
코스피 개인기관 사자에도 혼조세선,Economic
카카오페이 내 대출 한도 전월세대출 라인업 추가,Economic
카카오페이에서 케이뱅크 전세대출 조회한다,Economic
하나은행 글로벌 사업자 대상 하나 빌리언달러통장 출시,Economic
수리온 안전성 인증 공공헬기 시장 진출 속도,Economic
대한제당 인도 설탕수출 제한에 강세,Economic
롯데호텔 힙지로 호캉스 인기인 상품 객실 수요  ,Economic
환율 달러화 약세에 원대 하락낙폭은 원 안팎 줄여,Economic
현대무벡스 화학 양극재 공장 물류솔루션 수주에 대,Economic
빚더미 위기서 한줄기 빛 메트라이프 신용보험 년 만에 내놓는다,Economic
한미정상회담 성과  참여 실무책임자 수석대표 선정놓고 부처간 기싸움,Economic
원스톱 생활권 서울 중심부 몰세권 힐스테이트 청량리 메트로블 눈길,Economic
코스피 장 초반 강보합종목별 차별화 뚜렷,Economic
패자부활 성공한 에이프릴바이오바이오 상장  열리나,Economic
영화 마녀가상모델 루시 로 만난다,Economic
카카오뱅크 저금통세븐일레븐 사전 신청 개시,Economic
 기 신도시 공사에 시공책임형  발주,Economic
코빗 국회 루나 상폐 늦장대응 지적 하루만에 거래지원 종료 결정,Economic
말레이시아 닭고기 수출 중단하림마니커 연일 강세,Economic
완성차 영업이익률  시대양에서 질로 경영전략 바뀐다,Economic
임대사업자 혜택 부활호매실 스카이시티 주목,Economic
하나은행도 신용대출 만기 년으로 늘린다,Economic
최장 년 만기 모기지론 내년 도입,Economic
루나 사태에 비트코인 침체현재보다  더 낮아질 수도,Economic
대한항공 진에어와 김포사천 등 국내 개 노선 공동 운항,Economic
양자 굴기 나선  강소기업들과 연대 나선 이유종합,Economic
원하는 곳에 착 롯데카드 부착형 카뱅 터치카드 출시,Economic
김태한 삼바 이사회 의장 한달 새 주식 억원어치 매도,Economic
 곳 중 곳 최저임금 인상시 고용 감축할 것,Economic
쉐보레 신형 이쿼녹스 월 출시 가솔린 터보 엔진 탑재,Economic
넥스트칩 코스닥 상장 추진시가총액 억원 도전,Economic
현대바이오  에 원숭이 두창 바이러스 치료제 패스트 트랙 선청,Economic
삼성스텔란티스 배터리 합작사 인디애나에 조 투자,Economic
올랐을 때 팔고 사업 키우자 년새  증권사 절반이 사옥 처분,Economic
기아 택시업계와 전기택시 니로 프러스 보급확대 협약,Economic
카카오뱅크 다음달 일까지 저금통 위드 세븐일레븐 사전 신청,Economic
세계 최대  양극재공장에 현대무벡스 물류시스템 쓴다,Economic
온라인리세일디지털뉴럭셔리 부상,Economic
마켓컬리 파트너사 거래액 년 만에 배 성장,Economic
신한금투 리오프닝 이후 레저 업종 실적 개선 카지노여행,Economic
삼성 오스템임플 지역별 매출 성장 방향성 확고목표가 만 원,Economic
 주도 국제 수소협회 연합체 출범,Economic
현대엔지니어링 월 동탄테크노밸리에 힐스테이트 동탄 르센텀 주거복합단지 분양,Economic
야속한 한은 총재기준금리 또 올리고 물가 대 높일 듯,Economic
오세훈표 신통기획 재개발 천호구역 첫 정비계획안 통과,Economic
팝콘 먹으면서 범죄도시 만명 봤다영화 웃음꽃,Economic
건설현장 산재사망 건 중 건은 이것 때문이었다,Economic
하남 감일지구 오피스텔 더챔버 파크 로지아 분양,Economic
동양건설산업 화성 봉담 파라곤 일반분양 시작,Economic
하나은행도 신용대출 만기 년으로 확대,Economic
동래 낙민역 삼정그린코아 더시티 아파트 회사보유분 특별 분양,Economic
양자암호 선도  국방공공해외시장 두드린다,Economic
천원 첫 돌파 경유 가격 일째 휘발윳값보다 비싸,Economic
인천 검단신도시 내 검단 골드스퀘어 분양 앞둬,Economic
 양자암호 강소기업 손잡고 글로벌 간다,Economic
세븐일레븐 만난 카뱅 저금통쿠폰 죠르디 매트 쏜다,Economic
사라진 외국인 관광객 되찾는다정부 한류 관광 본격 시동,Economic
현대차그룹 멀티콥터 드론 프로젝트 첫선 미래 제시하다,Economic
핸드폰 뒤에 붙여 쓰는 신용카드카카오뱅크 롯데 터치카드,Economic
스티커처럼 붙여 쓰세요롯데카드 카카오뱅크 롯데 터치카드 출시 ,Economic
너무 많은 페이 오프라인 매장서 할인적립 극대화하려면송영찬의 핀테크 짠테크,Economic
말레이 우크라전 여파 닭고기 품귀가격 상승 기대감에 관련주 강세,Economic
 년 만에 이동형 편의점 시동지역축제 누빈다,Economic
삼성증권 오스템임플란트 실적으로 신뢰 회복 전망,Economic
뉴시스 건설부동산 포럼이헌승 국토위원장  정부 규제 완화로 부동산시장 정상화해야,Economic
삼성 매출 성장방향 확고오스템임플 목표주가 만원,Economic
청약경쟁률 배 늘어난 강원도올해도 여가구 분양,Economic
이노텍 전면 카메라 납품 확대 긍정적목표가,Economic
홈플러스 이색 수박 총 망라 수박 페스티벌 개최,Economic
코인뉴스 주식보단 비트코인암호화폐 회의론자가 마음바꾼 이유는,Economic
증권 물적분할 주가에 부정적모회사 주주보호 필요,Economic
뉴시스 건설부동산 포럼김형기 사장 새 정부 주택시장 흐름 결정할 여러요소 변화줄 것,Economic
현대모비스 미래차 역량 속도모빌리티로보틱스 정조준,Economic
두산삼성가 투자한 뉴스케일파워 루마니아 첫  부지 선정,Economic
티셔츠 한 장에 만원메타버스 아바타 옷값 확 내리는 방법,Economic
삼성증권 오스템임플란트 견고한 실적으로 신뢰 회복목표가 상향,Economic
토비스 공장 증설로 이익 성장 본격화,Economic
오리온 적극적 사업 확장 전략중국 매출,Economic
군용 수리온 제한형식증명 획득민간헬기로 쓰인다,Economic
한섬 청담동에 리퀴드 퍼퓸바 매장 오픈,Economic
엔데믹 다가오니 군자청담영등포 상가 임대료  급등,Economic
현대차그룹 멀티콥터 드론 프로젝트 기체 공개,Economic
씨에스윈드 수익성 회복에 시간 소요목표가,Economic
연이은 암호화폐 폭락에 유시민 발언 재조명절대 손대지 마라,Economic
마켓옥션 빅스마일데이 막바지 혜택 올인,Economic
한은 일 기준금리 올리고 물가 전망 대로 높일 듯,Economic
청년신혼부부용 최장 년 주담대 나온다,Economic
거리두기 해제에 비제조업 체감경기 년 개월만에 최고,Economic
갤러리아 제임스펄스 충청권 첫 단독 매장 오픈,Economic
현대차증권 전자 매크로 불확실성 해소되면 수익성 개선될 것목표가 만원,Economic
기아 택시 업계와 맞손친환경 전기택시 보급한다,Economic
 국산 헬기 수리온 제한형식증명 획득민수용 확대 청신호,Economic
축제 때마다 보였던  트럭 재등장년 만에 이동편의점 운영,Economic
하나금융투자 분기 극심한 저평가는 흥국화재태웅로직스,Economic
홈플러스 오자크 트레일 등 미국 월마트 단독브랜드 판매,Economic
하이텍 단기중장기 모멘텀에 저평가 매력까지유안타,Economic
메리츠 성장주 옥석가리는 시기구독경제는 올드테크,Economic
년 만에 사라지는 삼표레미콘서울시 월까지 방 빼 부동산,Economic
투자노트 증시 바닥 다지는 중 대안될까,Economic
기대작 마녀도 로롯데홈쇼핑 루시마녀  한정 판매,Economic
 기 신도시에 억 규모 시공책임형  발주,Economic
또 오해경 인도 설탕 수출 제한할 듯,Economic
분기 서울 빌라 전월세 거래량 역대 최고,Economic
하나금투 극심한 저평가 종목 어디흥국화재 태웅로직스 등 주목,Economic
최태원 밀어주는 정의선의 의리 끈끈한 고대 동문,Economic
리틀 버핏 빌 애크먼 증시하락 이유는 연준에 대한 불신 때문,Economic
예전엔 줬는데 실손보험 지급 기준 강화에 민원  폭증,Economic
박찬욱 헤어질 결심 칸 공개작 중 최고평점,Economic
한국 주도 글로벌 수소산업 연합회 발족,Economic
마켓워치 최고법무책임자에 김도영 전 김앤장 파트너,Economic
제주삼다수 화산송이층에 년 걸러진 다 담은 물,Economic
년개월만 돌아온 강원에너지 차전지 신성장동력 확충,Economic
청년신혼부부 대상 년 만기 모기지론 도입집값도 억억으로 확대,Economic
서울 아파트 전셋값 억원 넘으니빌라 전월세 거래량 역대 최고,Economic
년 진척없던 주택조합사업대법 상황 변화 없으면 계약 유효,Economic
물가에 발목 잡힌 기준금리 내일 빅스텝 가능성은,Economic
나도 집 살 수 있나청년신혼부부용 년 만기 모기지론 나온다,Economic
오피스텔도 거거익선주거형이 원룸형보다 배 더 올라,Economic
김포하네다 하늘길 다음달 초 열린다  항공사 주 회 운행,Economic
 수리온 제한형식증명 획득 공공헬기 시장 진입 가속화,Economic
전국 평균 경유가격 사상 첫 원 돌파,Economic
코로나 엔데믹 전환에 군자청담영등포 상가 임대료  상승,Economic
레이 달리오 현금주식채권은 쓰레기대신 이것에 투자해야,Economic
위메이드 신작 미르 일 매출 억 원 예상,Economic
인도 설탕 수출 제한식량위기 우려 커,Economic
간밤 뉴욕증시 글로벌뉴스 총정리 현대차 서 안전벨트 결함 리콜 러시아 원유 금수 임박,Economic
시총 조 간다이노텍 목표가 만원 첫 등장,Economic
군자청담영등포 상가 임대료 분기 급등했다는데,Economic
이노텍 아이폰 납품으로 매출 조원 보다목표가 만원 투자,Economic
김대호 박사의 오늘 기업사람 삼성현대차한화롯데스냅테슬라,Economic
유럽중앙은행 총재 통화긴축 점진적으로 해야 인상에 부정적,Economic
외환브리핑달러화 약세  위험회피환율 원대 하락 예상,Economic
가수 이찬원 우승 메뉴 진또갈비삼각김밥 일간 만개 판매,Economic
클릭 종목에이스토리 하반기 다양한 라인업년까지 실적 우상향,Economic
정부 다시 뛰는 재계탄소에서 수소까지효성 신성장동력 투자,Economic
거리두기 해제에도 월 기업체감경기 제자리걸음한 이유는,Economic
용두사미된  채권발행 발행급감 이유 가지  하나금투,Economic
한국타이어앤테크놀로지 판가 인상으로 마진 개선 기대,Economic
국내 개 기업 신기업가정신으로 기업 신뢰도 바닥 탈출 모색,Economic
루나로 손실 봤다권도형 집 찾아간  불구속 송치,Economic
오리온 중국 실적 반등증권,Economic
 수리온 민수헬기 인증노후화 외산 헬기 대체한다,Economic
오스템임플란트 성장 방향성 확고실적으로 신뢰 회복 전망삼성,Economic
결국 꺼내든 전력도매가 상한제한전 적자 상쇄 효과 미미,Economic
금융지주 실적자본비율 개선목표가 만원으로 상향,Economic
뉴스새벽배송얼어붙은 투심삼전 반도체 가격 인상,Economic
한국전력 올해 사상 최대 적자기록 전망상한제 등은 긍정적신영,Economic
애크먼 연준이 금리를 안 올려 증시 급락하는 것,Economic
삼성도 에 전기차 배터리 공장,Economic
한화건설에코플랜트 실적개선 장담원자잿값 후폭풍은,Economic
투자증권 토비스 억 전장용 디스플레이 공장 증설,Economic
리테일 퀵커머스펫푸드테크 투자 시너지 극대화,Economic
미래 준비 조민간주도 경제 시작됐다,Economic
서울대서 여의도까지 분 주파신림선 일 개통,Economic
년 만기 주택담보대출 장단점 따져보니아침 라이프,Economic
삼성스텔란티스 합작공장 인디애나 짓는다총 조원 투자상보,Economic
금리 인상 본격화 주택 시장 옥석가리기 짙어지나,Economic
지하철버스 통합정기권 내년 도입 추진한다교통비 최대  절감,Economic
아모텍 세라믹콘덴서 매출 본격화하반기 흑자전환,Economic
싼 성장주도 신중히 접근경기우려에 실적 민감도,Economic
제노코 해외 진출 임박국방 예산 증가 수혜신한,Economic
이슈분석 제의 루나 막아라당정 디지털자산 기본법 논의,Economic
광고비 지출 줄어든다 경고에 위태로운 빅테크,Economic
오스템임플란트 견고한 실적을 바탕으로 회복할 신뢰삼성,Economic
내부 위 경쟁공인회계사회장 선거 파전,Economic
잇따른 대형 화재보험사 실적 비상,Economic
누가 더 특별할까 편의점업계 이색 주류 경쟁,Economic
오스템임플란트 견고한 실적으로 회복할 신뢰매수삼성증권,Economic
위메이드 미르 일 매출 억원 예상목표가 만원 하나금융투자,Economic
오늘의 환율전망 유로화 강세 흐름 지속 원 하락 출발 예상,Economic
경유값 폭등에 화물 노동자 파업 초읽기물류대란 우려,Economic
성공의 기억 잊어라 이재용 승부수반도체바이오 조 베팅,Economic
디오 중국 코로나 봉쇄 영향 분기까지 지속목표가삼성,Economic
빌 애크먼 인플레 잡는 방법  더 공격적이거나 시장 붕괴해야,Economic
 금융지주 목표주가 만만한투,Economic
이노텍 내년에도 이어질 성장세목표가,Economic
지역별 매출 성장성 뚜렷오스템임플란트 목표가 만원삼성,Economic
리설주 담배 끊어라 말해도 안듣는다김정은 줄담배 피우는데 북한 금연 캠페인,Economic
대리운전 대기업 시장 확장 제한앱 통한 콜 막아야,Economic
클릭 종목디오 국내 영업 차질중국 매출 감소 영향목표주가 ,Economic
물가 더 뛴다 년 만에 최고조기 진정시켜야,Economic
편의점 빅 치열한 추격전올해 판도 변화 주목,Economic
너무 오버했나 증시 추락에 한 발 물러서는 연준,Economic
증시 키워드는 되돌림더 좋은 타밍 하반기에 온다,Economic
오리온 중국 실적 반등지속 성장 기대,Economic
한은 내일일 금통위 개최기준금리 높일 듯,Economic
거래 없어 집값 내린다고 서울 아파트 매매 는 상승,Economic
차량전자제품 가격 더 오르나삼성 반도체 값 인상 전망,Economic
젠 사키  백악관 대변인  진행자로 변신,Economic
클릭 종목오리온 현 주가는 역사적 하단 수익 결실,Economic
금융지주 기관도 주목한다목표가 한국,Economic
삼성 년간 반도체바이오 등에 조원 투자,Economic
계속 오르던 경유이제는 리터당 원 사상 첫 돌파,Economic
글로벌 금융사 수장들 기술주 여전히 낙관적닷컴버블 때와 달라,Economic
조간브리핑 주담대 금리 대에  영끌족 패닉집 사자마자 이자 폭탄,Economic
재택플러스 일회용 컵 보증금연기해도 불만,Economic
몸값 조 당근마켓을 인수할 경우 벌어질 일 박동휘의 컨슈머 리포트,Economic
재택플러스 화덕에서 호텔까지냉피의 변신,Economic
한주에 시간 일한다 만명 역대 최대년새 만명,Economic
재택플러스 박재범  임창정올 여름 대전,Economic
증시전략 스냅 실적 경고 기술주 전반으로 확산판단은,Economic
서학개미 뭐샀나 변동성 장세 지속안정적 투자처 배당주  인기,Economic
클릭 종목위메이드 미르  성황리 종료목표가 유지,Economic
재택플러스 떼낸 의자 붙여라여객기 비상,Economic
 기술주 약세나스닥 하락,Economic
하늘이 무너져도 솟아날 구멍은 있다증권가 주목한 이 업종,Economic
 폭락 스냅 쇼크 플랫폼에 불똥 분 미국주식,Economic
스냅 쇼크에 뉴욕증시 혼조 마감나스닥 아침 증시,Economic
년 전기차 배터리 품귀 스텔란티스,Economic
조 푸는 대기업여론 달래기 새 정부 선물 해석도,Economic
 샤프의 망신 에 특허계약 위반 억원 물어낸다,Economic
삼성 가격 인상차전자제품 더 비싸질 듯,Economic
반성없는 머지포인트 끝없는 꼼수에 피해자만 고통,Economic
억대 고소득 프리랜서 매년 증가명 이상,Economic
위메이드 미르 기대감 커진다개발력 입증하나,Economic
굿모닝증시 증시 하락에도 부양책 호재,Economic
 러시아 채무상환 허용조치 연장 안 해러 디폴트 가능성,Economic
희비 갈린 식자재 빅단체급식 부활에 어깨 펼까,Economic
고위험 상품에 집중 투자서학개미들 비명,Economic
김대호 박사의 오늘의 키워드  스냅챗 쇼크비트코인 쓰레기베이징 봉쇄이창용 신고식원희룡 분상제,Economic
증시 스냅 실적경고에 기술주 와르르나스닥 뉴욕증시 브리핑,Economic
줄줄이 투자 보따리 푼 주요 대기업곳서만 조 육박,Economic
한국은 왜 가계부채가 많을까통계의 함정 더 머니이스트심형석의 부동산정석,Economic
여의도 공작도 재건축 속도노후 단지들 비상할까 집슐랭,Economic
글로벌 마켓 뉴욕증시 경기침체 우려에 투심 위축다우만 강보합,Economic
민주당 또 속였다종부세 감면한다더니 아예 정부 완화안 차단,Economic
 증시 오늘도 변동장종목 차별화 예상 이유는,Economic
내년 지하철버스 환승 할인되는 통합정기권 나온다최대  할인,Economic
스냅 폭락 충격 뉴욕증시 혼조세 마감나스닥,Economic
뉴욕증시스냅발 충격 혼조 마감스냅 메타 ,Economic
스냅 쇼크에 뉴욕증시 기술주 동반하락북한 미사일 도발 모닝브리핑,Economic
핸드백 코퍼 홍재성 손주들 주식 더블 왜기막힌 타이밍,Economic
가상화폐 시세 비트코인 이 시간에 사면 손해본다,Economic
삼성현대차롯데한화 청년 고용 책임진다년간 조 투자 뒷북비즈,Economic
글로벌 비즈 삼성스텔란티스  인디애나에 합작 공장 설립 발표억 달러 투입,Economic
년 귀속 종합소득세 신고가이드  종교인 소득신고 모두채움 신고가 도와드려요,Economic
강병철의 셀럽앤카 월의 추천 유물로 가 뽑힌 이유는,Economic
당정 제의 테라루나 사태 막기 위해 대응책 마련키로 기대인플레이션 년개월 만에 최고치 한강로 경제브리핑,Economic
 정부 민간 주도 성장 지원 정책에개 그룹 조 투자 발표,Economic
근본치료제 없는 루게릭병제약바이오 기업들 포기는 없다,Economic
 금융서 조 대출 영끌족이 위험하다,Economic
한미 원전 협력 환영할 일이지만 독자적  모델 개발 힘써야,Economic
코스피 내리막 언제까지증권가 하반기  탈환 전망도,Economic
인앱결제강제네카오도 가격 인상방통위 피해 입으면 신고,Economic
르포인테리어 부티 좔좔 구찌 식당맛 여긴 예쁜 맛이지,Economic
국책은행 인사태풍새 수장 누가오나,Economic
주담대 또 올랐다이자 부담 눈덩이,Economic
이재용 조정의선 조 재계 민간 주도 성장 통큰 투자,Economic
반도체값 줄인상에 제품 가격 오른다,Economic
삼성 최대 조원 투자해 북미 첫 배터리 거점 짓는다종합,Economic
역세권 첫 집원가주택 만호 내놓는다어디에,Economic
고수칼럼 헌집 줄게 새집 다오 리모델링 재건축보다 시장 커지지만,Economic
이번엔 리프트 기술업체들 잇달아 허리띠 졸라매기,Economic
올해 대 부호 자산 조원 증발머스크 울고 버핏 웃었다,Economic
한은 내일 기준금리 올리고 물가 전망 대로 높일 듯,Economic
무조건 싸야 통장 던진다청약불패 아파트 뜯어보니,Economic
비즈워치프랑스에서 낙지볶음 밀키트 머지않았죠,Economic
서울 아파트 매매  이상 상승거래 반년 만에 최고치,Economic
대출금리 어디까지 오를까변동고정 사라진 격차,Economic
서울대여의도 분 신림선 개통 효과 대방대림 호가 억,Economic
뉴욕증시 스냅 쇼크에 기술주 와르르테슬라구글메타 휘청 출근전 꼭 글로벌브리핑,Economic
대리운전 중기 적합업종대기업중소기업 모두 불만 왜,Economic
오세훈송영길주택공급 누가 잘할까신통기획  누구나집,Economic
코로나 터널 지나니재료값 폭등에 한숨,Economic
송도 억청라 억원 뚝뚝인천 매수세 실종에 쌓여가는 급매물,Economic
단독스토케 한정판 사면 트립트랩 특급배송기존 고객은 뒷전,Economic
 부동산법 뜯어보니정부의 종부세 감면 장치 없앴다,Economic
 집행위원장 러 원유 금수 수일내 합의 기대푸틴 경제 잘 돌아가 장가희 기자의 뉴스픽,Economic
디디추싱  증시 상폐 결정 짐싸는 중국 기업 또 나올까,Economic
삼성 조현대차 조한화 조잇따른 역대급 투자,Economic
스냅 주가  폭락칠백슬라도 위협나스닥 ,Economic
심상치 않은 고물가에외식도 집밥도 부담,Economic
대한항공아시아나 합병 무산,Economic
물가는 어차피 잡기 어렵고정부 가격 대신 세금 깎는다,Economic
한은 일 기준금리 올리고 물가 전망 대로 높일 듯,Economic
분양가 상승 불가피특공 기준중도금대출 한도 손볼까,Economic
현대해상  손보잘봐 이게 등 싸움이야,Economic
펑 터질까 붕 뜰까  거품론의 진실,Economic
하락장 버텨내는 금융지주분기배당 등 주주환원 효과 톡톡,Economic
손실보전 추경 이번주 통과할까이르면 일요일부터 집행,Economic
미래차 대응 본격화 현대차잇단 투자에 주가도 오를까,Economic
뉴욕증시주식이 더 쓰레기스냅 쇼크에 투심 얼어붙었다,Economic
삼성 조 등 대기업들 조 투자 약속,Economic
금리인상에 빅스텝 가능성까지하반기 부동산 시장 여진 커질까,Economic
 빙하기에도 사흘만에 중소형 공모주 순항 비결은,Economic
점심값 무섭다런치플레이션에 분식집편의점 찾는 직장인들,Economic
 철강 쿼터제 철폐 깜짝선물 없었지만업계 협상 물꼬는 텄다,Economic
연체 막으려다 이자 폭탄고금리에도 급증하는 카드사 리볼빙,Economic
뉴욕증시 스냅발 충격에 혼조 마감나스닥 ,Economic
하늘길 열렸지만 항공사 빈부격차 더 커졌다,Economic
오늘이 가장 낮습니다주담대 전세 대출  시대 대 은행 전격분석,Economic
재계 앞다퉈 조원 투자 발표역대급 보따리 풀었다,Economic
중러 겨냥한 나토 경제안보 맞바꾸면 안 돼나경원 블랙록에 한국 투자 확대 요청,Economic
청년만 붙이면 흥한다 정책금융에 몰리는 ,Economic
광고모델료만  억유통 월드클래스 된 손흥민 잡기 진땀,Economic
강남서초 등 송파강동 꼴찌 강남구 아파트값 양극화,Economic
한지붕 두청장국세청 리더십 공백 길어지나,Economic
너도나도 삼성 데려오겠다 선거 공약에 기업은 난감,Economic
한달새 손바뀐 해외 주식 투자  빅테크에서  전기차차전지로 이동중,Economic
팩트체크 상장폐지된 내 주식 가치는 원,Economic
위기의 그룹 정몽규 건설업 너무 몰랐나뼈아픈 경영실책,Economic
세 경영 본격화한 롯데 신유열일본서  기회 찾는다,Economic
멈춰선 롯데카드 매각전 유력 인수후보 감감무소식 왜,Economic
단독이자 싼 해외지점 외화로 부동산 꼼수대출실태조사 착수,Economic
조삼성 성공의 무게,Economic
년 만에 찾아온 물가 대란폴 볼커의 길 고심하는 한은,Economic
인도 설탕 수출 제한할 듯식량 보호주의 확산,Economic
보험금 타려면 지정병원 가라 이런 보험사 설자리 좁아진다,Economic
설마 내 돈도 수십억 사라진 은행들 년 넘게 몰랐다,Economic
스냅 쇼크 주가  와르르구글페북 줄줄이 타격,Economic
여기 계속 살려면 억 더월 전세대란 진짜 통계로 따져보니부릿지,Economic
기름값 아끼려 디젤차 샀더니당 원 경유의 배신,Economic
삼성 시스템반도체바이오 승부수 현대차  전동화 허브 올인,Economic
삼성 스텔란티스와 인디애나주에 배터리 공장 설립,Economic
속보스냅 쇼크가 부른 기술주 폭락나스닥 ,Economic
수술대 오르는 분상제공급집값 두 마리 토끼 잡을까,Economic
줄서서 사는 박재범 원소주이 남자의 힙한 비법 통했다 비크닉,Economic
금융꿀팁 저축성보험 활용해 비과세 혜택 받으세요,Economic
술은 좋은데 회식 싫어요이런  홀린 희한한 와인 매장,Economic
내일 기준금리 또 올릴 듯물가 안정 묘수는 없나,Economic
러 경제 잘 돌아간다 푸틴 말 진짜 루블화가 왜 치솟지,Economic
삼성스텔란티스 인디애나에 배터리공장조원 투자종합,Economic
석유사업 초호황인데정유공장 줄줄이 문 닫는다 왜,Economic
국내에만 조 약속한 듯 쏟아낸 대기업들 투자 보따리,Economic
정부 한전 최악 적자에  상한 카드 발전사들 반시장적 조치 부글부글,Economic
초과 세수로 급한 불 끄겠다더니전방위 감세 나서는 정부,Economic
고정금리 주담대 년 가 년 시중은행보다 이자 덜낸다,Economic
삼성 향후 년간 조 해외 투자 반도체 공장 증설하나,Economic
인플레 년만에 최고 한은 내일 년만에 두달 연속 금리 올리나,Economic
삼성  인디애나 배터리 합작공장 설립,Economic
관가뒷담 고시 출신 고위직 내로남불에 무너지는 국세청 세 정년,Economic
단독 점포 폐쇄 말라 지침에 은행들 지점출장소 꼼수,Economic
삼성 년간 조 투자 핵심사업 초격차 가속,Economic
월급빼고  삼시세끼 ,Economic
세계최초삼성 균열 위기감에 반도체 위 초격차 굳힌다,Economic
정부서울시 적극 중재 나섰지만 분상제 암초 넘어설까,Economic
스냅 어닝쇼크에 소셜미디어 폭락,Economic
글로벌 비즈 브리핑 삼성스텔란티스 인디애나에 배터리공장억 달러 투입,Economic
부꾸미악재 다 반영했다이 신호 나오면 증시 급반등,Economic
전월세까지 오를라 세입자들도 불안불안,Economic
평생 집 못살까봐 빚내 샀는데 소득  오를때 이자  뛰어,Economic
금융서 조 대출 영끌족이 위험하다,Economic
마음 바꾼 외인기관대형 시대 다시 돌아오나,Economic
계약 해지냐 유지냐촉진구역 조합건설사 갈등,Economic
삼성도 인디애나에 공장 진격의 배터리,Economic
삼겹살값 년새 소비자원 기준 급등이젠 서민음식이라 못 하겠네,Economic
한전 사상최대 적자에 발전사에 내는 전기값 상한제 도입,Economic
제 루나  테라 없게 금융위 스테이블코인 규제방안 만들 것,Economic
전기차는 무조건 연료비 덜 든다 전비 확인 꼭 하셔야 해요,Economic
투잡 하려면 만원 대출 받아오세요 사기입니다,Economic
미래보다 당장 현찰 쇼미 더 머니 군단의 컴백,Economic
삼성 조 현대차 조 롯데한화 조 미래산업 투자,Economic
서배너 효과 국내로현대차  투자로 국내도 탄력 기대,Economic
대리운전 대기업 제한논란 여전,Economic
대기업 줄줄이 거액 국내 투자 발표,Economic
자율주행 로봇이 수집한 데이터 중국에 넘어간다커지는 우려 실리콘밸리 나우,Economic
글로벌  시장서 삼성 위국산이 점유율 절반 차지,Economic
한우의 모든 것 당신이 모르는 한우의 영양학적 기술,Economic
위기 넘고 중공업 떼고 대 신사업 동력 재도약 꿈꾼다 브랜드 리포트,Economic
테라 피라미드 사기코인 아무 가치 없다,Economic
중국 사드 때처럼 보복할까재계  후폭풍 예의주시,Economic
외환 급한 불 껐지만원화 약세 공포 언제든 재연,Economic
악 내가 왜 한방을 노렸을까 개미들 대거 손실 처참,Economic
서지명의 메이크머니 매일 이자받는 맛 일복리로 저축금 불리는 파킹통장,Economic
반퇴시대 재산리모델링 배우자 증여는 세금폭탄채 중 채 년내 팔아라,Economic
한전 분기에만 조 적자 민간 발전사 이윤 줄여 메꾼다,Economic
삼성 년간 만 명 신규 채용메모리 초격차 유지 전략,Economic
대리운전 중기 적합업종대기업중소기업 모두 불만 왜,Economic
아픈 손가락 신세계까사 리빙붐 타고 반등할까,Economic
 판다는 홈플러스 부지 주상복합 못 짓는다매각가 떨어지나,Economic
삼성 조 현대차 조 한화 조잇따른 역대급 투자,Economic
스냅 쇼크에 미 증시 와르르구글페이스북 줄줄이 폭락,Economic
뉴욕증시 스냅 충격에 또다시 하락 출발,Economic
서울 누빌 플라잉 택시 잡아라 뜨거운 하늘길 ,Economic
원래 국산 주류 식재료였던 밀  수입에 의존하게 된 이유,Economic
득점왕 오른 손흥민광고 가치도 고공행진,Economic
삼성도 배터리 공장 추진잇단  투자 배경은,Economic
이재용정의선신동빈김승연 같은 날  통큰 국내투자,Economic
